{"v":"4.6.10","fr":30,"ip":0,"op":65,"w":750,"h":1334,"nm":"Error","ddd":0,"assets":[],"layers":[{"ddd":0,"ind":1,"ty":4,"nm":"Rright Eye Cross Outlines","ks":{"o":{"a":0,"k":100},"r":{"a":0,"k":0},"p":{"a":0,"k":[484.009,536.665,0]},"a":{"a":0,"k":[28.61,28.74,0]},"s":{"a":1,"k":[{"i":{"x":[0.667,0.667,0.667],"y":[0.667,1,0.667]},"o":{"x":[0.333,0.333,0.333],"y":[0.333,0,0.333]},"n":["0p667_0p667_0p333_0p333","0p667_1_0p333_0","0p667_0p667_0p333_0p333"],"t":34,"s":[100,0,100],"e":[100,100,100]},{"t":39}]}},"ao":0,"shapes":[{"ty":"gr","it":[{"ind":0,"ty":"sh","ix":1,"ks":{"a":0,"k":{"i":[[0,0],[0,0]],"o":[[0,0],[0,0]],"v":[[21.111,21.11],[-21.111,-21.11]],"c":false}},"nm":"Path 1","mn":"ADBE Vector Shape - Group"},{"ty":"st","c":{"a":0,"k":[0.2,0.2,0.2,1]},"o":{"a":0,"k":100},"w":{"a":0,"k":15},"lc":2,"lj":1,"ml":10,"nm":"Stroke 1","mn":"ADBE Vector Graphic - Stroke"},{"ty":"tr","p":{"a":0,"k":[28.611,28.61],"ix":2},"a":{"a":0,"k":[0,0],"ix":1},"s":{"a":0,"k":[100,100],"ix":3},"r":{"a":0,"k":0,"ix":6},"o":{"a":0,"k":100,"ix":7},"sk":{"a":0,"k":0,"ix":4},"sa":{"a":0,"k":0,"ix":5},"nm":"Transform"}],"nm":"Group 1","np":2,"cix":2,"ix":1,"mn":"ADBE Vector Group"},{"ty":"gr","it":[{"ind":0,"ty":"sh","ix":1,"ks":{"a":0,"k":{"i":[[0,0],[0,0]],"o":[[0,0],[0,0]],"v":[[21.111,-21.11],[-21.111,21.11]],"c":false}},"nm":"Path 1","mn":"ADBE Vector Shape - Group"},{"ty":"st","c":{"a":0,"k":[0.2,0.2,0.2,1]},"o":{"a":0,"k":100},"w":{"a":0,"k":15},"lc":2,"lj":1,"ml":10,"nm":"Stroke 1","mn":"ADBE Vector Graphic - Stroke"},{"ty":"tr","p":{"a":0,"k":[28.611,28.87],"ix":2},"a":{"a":0,"k":[0,0],"ix":1},"s":{"a":0,"k":[100,100],"ix":3},"r":{"a":0,"k":0,"ix":6},"o":{"a":0,"k":100,"ix":7},"sk":{"a":0,"k":0,"ix":4},"sa":{"a":0,"k":0,"ix":5},"nm":"Transform"}],"nm":"Group 2","np":2,"cix":2,"ix":2,"mn":"ADBE Vector Group"}],"ip":0,"op":150,"st":0,"bm":0,"sr":1},{"ddd":0,"ind":2,"ty":4,"nm":"Left Eye Cross Outlines","ks":{"o":{"a":0,"k":100},"r":{"a":0,"k":0},"p":{"a":0,"k":[276.96,536.665,0]},"a":{"a":0,"k":[28.61,28.74,0]},"s":{"a":1,"k":[{"i":{"x":[0.667,0.667,0.667],"y":[0.667,1,0.667]},"o":{"x":[0.333,0.333,0.333],"y":[0.333,0,0.333]},"n":["0p667_0p667_0p333_0p333","0p667_1_0p333_0","0p667_0p667_0p333_0p333"],"t":34,"s":[100,0,100],"e":[100,100,100]},{"t":39}]}},"ao":0,"shapes":[{"ty":"gr","it":[{"ind":0,"ty":"sh","ix":1,"ks":{"a":0,"k":{"i":[[0,0],[0,0]],"o":[[0,0],[0,0]],"v":[[21.11,21.11],[-21.11,-21.11]],"c":false}},"nm":"Path 1","mn":"ADBE Vector Shape - Group"},{"ty":"st","c":{"a":0,"k":[0.2,0.2,0.2,1]},"o":{"a":0,"k":100},"w":{"a":0,"k":15},"lc":2,"lj":1,"ml":10,"nm":"Stroke 1","mn":"ADBE Vector Graphic - Stroke"},{"ty":"tr","p":{"a":0,"k":[28.61,28.61],"ix":2},"a":{"a":0,"k":[0,0],"ix":1},"s":{"a":0,"k":[100,100],"ix":3},"r":{"a":0,"k":0,"ix":6},"o":{"a":0,"k":100,"ix":7},"sk":{"a":0,"k":0,"ix":4},"sa":{"a":0,"k":0,"ix":5},"nm":"Transform"}],"nm":"Group 1","np":2,"cix":2,"ix":1,"mn":"ADBE Vector Group"},{"ty":"gr","it":[{"ind":0,"ty":"sh","ix":1,"ks":{"a":0,"k":{"i":[[0,0],[0,0]],"o":[[0,0],[0,0]],"v":[[21.11,-21.11],[-21.11,21.11]],"c":false}},"nm":"Path 1","mn":"ADBE Vector Shape - Group"},{"ty":"st","c":{"a":0,"k":[0.2,0.2,0.2,1]},"o":{"a":0,"k":100},"w":{"a":0,"k":15},"lc":2,"lj":1,"ml":10,"nm":"Stroke 1","mn":"ADBE Vector Graphic - Stroke"},{"ty":"tr","p":{"a":0,"k":[28.61,28.87],"ix":2},"a":{"a":0,"k":[0,0],"ix":1},"s":{"a":0,"k":[100,100],"ix":3},"r":{"a":0,"k":0,"ix":6},"o":{"a":0,"k":100,"ix":7},"sk":{"a":0,"k":0,"ix":4},"sa":{"a":0,"k":0,"ix":5},"nm":"Transform"}],"nm":"Group 2","np":2,"cix":2,"ix":2,"mn":"ADBE Vector Group"}],"ip":0,"op":150,"st":0,"bm":0,"sr":1},{"ddd":0,"ind":3,"ty":4,"nm":"Left Eye Outlines","ks":{"o":{"a":0,"k":100},"r":{"a":0,"k":0},"p":{"a":0,"k":[277.592,536.535,0]},"a":{"a":0,"k":[26.25,26.25,0]},"s":{"a":1,"k":[{"i":{"x":[0.667,0.667,0.667],"y":[0.667,1,0.667]},"o":{"x":[0.333,0.333,0.333],"y":[0.333,0,0.333]},"n":["0p667_0p667_0p333_0p333","0p667_1_0p333_0","0p667_0p667_0p333_0p333"],"t":0,"s":[100,100,100],"e":[100,0,100]},{"i":{"x":[0.667,0.667,0.667],"y":[0.667,1,0.667]},"o":{"x":[0.333,0.333,0.333],"y":[0.333,0,0.333]},"n":["0p667_0p667_0p333_0p333","0p667_1_0p333_0","0p667_0p667_0p333_0p333"],"t":5,"s":[100,0,100],"e":[100,100,100]},{"i":{"x":[0.667,0.667,0.667],"y":[0.667,0.667,0.667]},"o":{"x":[0.333,0.333,0.333],"y":[0.333,0.333,0.333]},"n":["0p667_0p667_0p333_0p333","0p667_0p667_0p333_0p333","0p667_0p667_0p333_0p333"],"t":10,"s":[100,100,100],"e":[100,100,100]},{"i":{"x":[0.667,0.667,0.667],"y":[0.667,1,0.667]},"o":{"x":[0.333,0.333,0.333],"y":[0.333,0,0.333]},"n":["0p667_0p667_0p333_0p333","0p667_1_0p333_0","0p667_0p667_0p333_0p333"],"t":15,"s":[100,100,100],"e":[100,0,100]},{"i":{"x":[0.667,0.667,0.667],"y":[0.667,1,0.667]},"o":{"x":[0.333,0.333,0.333],"y":[0.333,0,0.333]},"n":["0p667_0p667_0p333_0p333","0p667_1_0p333_0","0p667_0p667_0p333_0p333"],"t":20,"s":[100,0,100],"e":[100,100,100]},{"i":{"x":[0.667,0.667,0.667],"y":[0.667,0.667,0.667]},"o":{"x":[0.333,0.333,0.333],"y":[0.333,0.333,0.333]},"n":["0p667_0p667_0p333_0p333","0p667_0p667_0p333_0p333","0p667_0p667_0p333_0p333"],"t":25,"s":[100,100,100],"e":[100,100,100]},{"i":{"x":[0.667,0.667,0.667],"y":[0.667,1,0.667]},"o":{"x":[0.333,0.333,0.333],"y":[0.333,0,0.333]},"n":["0p667_0p667_0p333_0p333","0p667_1_0p333_0","0p667_0p667_0p333_0p333"],"t":30,"s":[100,100,100],"e":[100,0,100]},{"t":35}]}},"ao":0,"shapes":[{"ty":"gr","it":[{"ind":0,"ty":"sh","ix":1,"ks":{"a":0,"k":{"i":[[0,14.359],[-14.359,0],[0,-14.359],[14.359,0]],"o":[[0,-14.359],[11,0],[0,14.359],[-14.359,0]],"v":[[-26,0],[0,-26],[26,0],[0,26]],"c":true}},"nm":"Path 1","mn":"ADBE Vector Shape - Group"},{"ty":"fl","c":{"a":0,"k":[0.2,0.2,0.2,1]},"o":{"a":0,"k":100},"r":1,"nm":"Fill 1","mn":"ADBE Vector Graphic - Fill"},{"ty":"tr","p":{"a":0,"k":[26.25,26.25],"ix":2},"a":{"a":0,"k":[0,0],"ix":1},"s":{"a":0,"k":[100,100],"ix":3},"r":{"a":0,"k":0,"ix":6},"o":{"a":0,"k":100,"ix":7},"sk":{"a":0,"k":0,"ix":4},"sa":{"a":0,"k":0,"ix":5},"nm":"Transform"}],"nm":"Group 1","np":2,"cix":2,"ix":1,"mn":"ADBE Vector Group"}],"ip":0,"op":150,"st":0,"bm":0,"sr":1},{"ddd":0,"ind":4,"ty":4,"nm":"Right Eye Outlines","ks":{"o":{"a":0,"k":100},"r":{"a":0,"k":0},"p":{"a":0,"k":[484.592,535.535,0]},"a":{"a":0,"k":[26.25,26.25,0]},"s":{"a":1,"k":[{"i":{"x":[0.667,0.667,0.667],"y":[0.667,1,0.667]},"o":{"x":[0.333,0.333,0.333],"y":[0.333,0,0.333]},"n":["0p667_0p667_0p333_0p333","0p667_1_0p333_0","0p667_0p667_0p333_0p333"],"t":0,"s":[100,100,100],"e":[100,0,100]},{"i":{"x":[0.667,0.667,0.667],"y":[0.667,1,0.667]},"o":{"x":[0.333,0.333,0.333],"y":[0.333,0,0.333]},"n":["0p667_0p667_0p333_0p333","0p667_1_0p333_0","0p667_0p667_0p333_0p333"],"t":5,"s":[100,0,100],"e":[100,100,100]},{"i":{"x":[0.667,0.667,0.667],"y":[0.667,0.667,0.667]},"o":{"x":[0.333,0.333,0.333],"y":[0.333,0.333,0.333]},"n":["0p667_0p667_0p333_0p333","0p667_0p667_0p333_0p333","0p667_0p667_0p333_0p333"],"t":10,"s":[100,100,100],"e":[100,100,100]},{"i":{"x":[0.667,0.667,0.667],"y":[0.667,1,0.667]},"o":{"x":[0.333,0.333,0.333],"y":[0.333,0,0.333]},"n":["0p667_0p667_0p333_0p333","0p667_1_0p333_0","0p667_0p667_0p333_0p333"],"t":15,"s":[100,100,100],"e":[100,0,100]},{"i":{"x":[0.667,0.667,0.667],"y":[0.667,1,0.667]},"o":{"x":[0.333,0.333,0.333],"y":[0.333,0,0.333]},"n":["0p667_0p667_0p333_0p333","0p667_1_0p333_0","0p667_0p667_0p333_0p333"],"t":20,"s":[100,0,100],"e":[100,100,100]},{"i":{"x":[0.667,0.667,0.667],"y":[0.667,0.667,0.667]},"o":{"x":[0.333,0.333,0.333],"y":[0.333,0.333,0.333]},"n":["0p667_0p667_0p333_0p333","0p667_0p667_0p333_0p333","0p667_0p667_0p333_0p333"],"t":25,"s":[100,100,100],"e":[100,100,100]},{"i":{"x":[0.667,0.667,0.667],"y":[0.667,1,0.667]},"o":{"x":[0.333,0.333,0.333],"y":[0.333,0,0.333]},"n":["0p667_0p667_0p333_0p333","0p667_1_0p333_0","0p667_0p667_0p333_0p333"],"t":30,"s":[100,100,100],"e":[100,0,100]},{"t":35}]}},"ao":0,"shapes":[{"ty":"gr","it":[{"ind":0,"ty":"sh","ix":1,"ks":{"a":0,"k":{"i":[[0,14.359],[-14.359,0],[0,-14.359],[14.359,0]],"o":[[0,-14.359],[11,0],[0,14.359],[-14.359,0]],"v":[[-26,0],[0,-26],[26,0],[0,26]],"c":true}},"nm":"Path 1","mn":"ADBE Vector Shape - Group"},{"ty":"fl","c":{"a":0,"k":[0.2,0.2,0.2,1]},"o":{"a":0,"k":100},"r":1,"nm":"Fill 1","mn":"ADBE Vector Graphic - Fill"},{"ty":"tr","p":{"a":0,"k":[26.25,26.25],"ix":2},"a":{"a":0,"k":[0,0],"ix":1},"s":{"a":0,"k":[100,100],"ix":3},"r":{"a":0,"k":0,"ix":6},"o":{"a":0,"k":100,"ix":7},"sk":{"a":0,"k":0,"ix":4},"sa":{"a":0,"k":0,"ix":5},"nm":"Transform"}],"nm":"Group 1","np":2,"cix":2,"ix":1,"mn":"ADBE Vector Group"}],"ip":0,"op":150,"st":0,"bm":0,"sr":1},{"ddd":0,"ind":5,"ty":4,"nm":"Mouth-Line Outlines","ks":{"o":{"a":0,"k":100},"r":{"a":0,"k":0},"p":{"a":0,"k":[381.409,704.002,0]},"a":{"a":0,"k":[85,7.507,0]},"s":{"a":0,"k":[100,100,100]}},"ao":0,"shapes":[{"ty":"gr","it":[{"ind":0,"ty":"sh","ix":1,"ks":{"a":0,"k":{"i":[[0,0],[0,0]],"o":[[0,0],[0,0]],"v":[[-77.5,-0.007],[77.5,0.007]],"c":false}},"nm":"Path 1","mn":"ADBE Vector Shape - Group"},{"ty":"st","c":{"a":0,"k":[0.2,0.2,0.2,1]},"o":{"a":0,"k":100},"w":{"a":0,"k":15},"lc":2,"lj":1,"ml":10,"nm":"Stroke 1","mn":"ADBE Vector Graphic - Stroke"},{"ty":"tr","p":{"a":0,"k":[85,7.507],"ix":2},"a":{"a":0,"k":[0,0],"ix":1},"s":{"a":0,"k":[100,100],"ix":3},"r":{"a":0,"k":0,"ix":6},"o":{"a":0,"k":100,"ix":7},"sk":{"a":0,"k":0,"ix":4},"sa":{"a":0,"k":0,"ix":5},"nm":"Transform"}],"nm":"Group 1","np":2,"cix":2,"ix":1,"mn":"ADBE Vector Group"}],"ip":0,"op":150,"st":0,"bm":0,"sr":1},{"ddd":0,"ind":6,"ty":4,"nm":"Gradient Outlines","ks":{"o":{"a":0,"k":100},"r":{"a":0,"k":0},"p":{"a":0,"k":[371.889,585.414,0]},"a":{"a":0,"k":[237.999,238,0]},"s":{"a":0,"k":[100,100,100]}},"ao":0,"shapes":[{"ty":"gr","it":[{"ind":0,"ty":"sh","ix":1,"ks":{"a":0,"k":{"i":[[0,-131.305],[-131.306,0],[0,131.307],[131.305,0]],"o":[[0,131.307],[131.305,0],[0,-131.305],[-131.306,0]],"v":[[-237.749,0],[0.001,237.75],[237.75,0],[0.001,-237.75]],"c":true}},"nm":"Path 2","mn":"ADBE Vector Shape - Group"},{"ty":"mm","mm":4,"nm":"Merge Paths 1","mn":"ADBE Vector Filter - Merge"},{"ty":"gf","o":{"a":0,"k":100},"r":1,"g":{"p":3,"k":{"a":1,"k":[{"i":{"x":0.667,"y":1},"o":{"x":0.167,"y":0.167},"n":"0p667_1_0p167_0p167","t":34,"s":[0,0.976,0.847,0.467,0.5,0.976,0.847,0.467,1,0.976,0.847,0.467],"e":[0,0.428,0.725,0.946,0.5,0.702,0.786,0.706,1,0.976,0.847,0.467]},{"t":39}]}},"s":{"a":0,"k":[-94.438,-1.328]},"e":{"a":0,"k":[100,0]},"t":1,"nm":"Gradient Fill 1","mn":"ADBE Vector Graphic - G-Fill"},{"ty":"tr","p":{"a":0,"k":[237.999,238],"ix":2},"a":{"a":0,"k":[0,0],"ix":1},"s":{"a":0,"k":[100,100],"ix":3},"r":{"a":0,"k":90,"ix":6},"o":{"a":0,"k":100,"ix":7},"sk":{"a":0,"k":0,"ix":4},"sa":{"a":0,"k":0,"ix":5},"nm":"Transform"}],"nm":"Group 1","np":3,"cix":2,"ix":1,"mn":"ADBE Vector Group"}],"ip":0,"op":150,"st":0,"bm":0,"sr":1}]}