{"v":"5.4.3","fr":15,"ip":0,"op":16,"w":740,"h":640,"nm":"ogq06","ddd":0,"assets":[{"id":"comp_0","layers":[{"ddd":0,"ind":1,"ty":4,"nm":"mon_double 2","parent":5,"sr":1,"ks":{"o":{"a":0,"k":100,"ix":11},"r":{"a":0,"k":0,"ix":10},"p":{"a":0,"k":[-46.057,3.791,0],"ix":2},"a":{"a":0,"k":[-46.057,3.791,0],"ix":1},"s":{"a":0,"k":[100,100,100],"ix":6}},"ao":0,"shapes":[{"ty":"gr","it":[{"ind":0,"ty":"sh","ix":1,"ks":{"a":0,"k":{"i":[[0,0],[1.333,-3.111]],"o":[[-1.333,3.111],[0,0]],"v":[[-122.449,-0.182],[-126.449,9.151]],"c":false},"ix":2},"nm":"Path 1","mn":"ADBE Vector Shape - Group","hd":false},{"ty":"st","c":{"a":0,"k":[0.176470592618,0.152941182256,0.341176480055,1],"ix":3},"o":{"a":0,"k":100,"ix":4},"w":{"a":0,"k":4,"ix":5},"lc":2,"lj":2,"bm":0,"nm":"Stroke 1","mn":"ADBE Vector Graphic - Stroke","hd":false},{"ty":"tr","p":{"a":0,"k":[0,0],"ix":2},"a":{"a":0,"k":[0,0],"ix":1},"s":{"a":0,"k":[100,100],"ix":3},"r":{"a":0,"k":0,"ix":6},"o":{"a":0,"k":100,"ix":7},"sk":{"a":0,"k":0,"ix":4},"sa":{"a":0,"k":0,"ix":5},"nm":"Transform"}],"nm":"Group 1","np":2,"cix":2,"bm":0,"ix":1,"mn":"ADBE Vector Group","hd":false},{"ty":"gr","it":[{"ind":0,"ty":"sh","ix":1,"ks":{"a":0,"k":{"i":[[1.558,-3.332],[-0.889,3.111]],"o":[[0.889,-3.111],[-1.558,3.332]],"v":[[-115.782,9.151],[-113.116,-0.182]],"c":true},"ix":2},"nm":"Path 1","mn":"ADBE Vector Shape - Group","hd":false},{"ty":"st","c":{"a":0,"k":[0.176470592618,0.152941182256,0.341176480055,1],"ix":3},"o":{"a":0,"k":100,"ix":4},"w":{"a":0,"k":4,"ix":5},"lc":2,"lj":2,"bm":0,"nm":"Stroke 1","mn":"ADBE Vector Graphic - Stroke","hd":false},{"ty":"tr","p":{"a":0,"k":[0,0],"ix":2},"a":{"a":0,"k":[0,0],"ix":1},"s":{"a":0,"k":[100,100],"ix":3},"r":{"a":0,"k":0,"ix":6},"o":{"a":0,"k":100,"ix":7},"sk":{"a":0,"k":0,"ix":4},"sa":{"a":0,"k":0,"ix":5},"nm":"Transform"}],"nm":"Group 2","np":2,"cix":2,"bm":0,"ix":2,"mn":"ADBE Vector Group","hd":false},{"ty":"gr","it":[{"ind":0,"ty":"sh","ix":1,"ks":{"a":0,"k":{"i":[[0,0],[1.722,-3.362]],"o":[[-1.722,3.362],[0,0]],"v":[[-129.22,-1.569],[-134.386,8.517]],"c":false},"ix":2},"nm":"Path 1","mn":"ADBE Vector Shape - Group","hd":false},{"ty":"st","c":{"a":0,"k":[0.176470592618,0.152941182256,0.341176480055,1],"ix":3},"o":{"a":0,"k":100,"ix":4},"w":{"a":0,"k":4,"ix":5},"lc":2,"lj":2,"bm":0,"nm":"Stroke 1","mn":"ADBE Vector Graphic - Stroke","hd":false},{"ty":"tr","p":{"a":0,"k":[0,0],"ix":2},"a":{"a":0,"k":[0,0],"ix":1},"s":{"a":0,"k":[100,100],"ix":3},"r":{"a":0,"k":0,"ix":6},"o":{"a":0,"k":100,"ix":7},"sk":{"a":0,"k":0,"ix":4},"sa":{"a":0,"k":0,"ix":5},"nm":"Transform"}],"nm":"Group 3","np":2,"cix":2,"bm":0,"ix":3,"mn":"ADBE Vector Group","hd":false},{"ty":"gr","it":[{"ind":0,"ty":"sh","ix":1,"ks":{"a":0,"k":{"i":[[0,0],[1.782,-2.886]],"o":[[-1.782,2.886],[0,0]],"v":[[42.272,-1.482],[36.925,7.177]],"c":false},"ix":2},"nm":"Path 1","mn":"ADBE Vector Shape - Group","hd":false},{"ty":"st","c":{"a":0,"k":[0.176470592618,0.152941182256,0.341176480055,1],"ix":3},"o":{"a":0,"k":100,"ix":4},"w":{"a":0,"k":4,"ix":5},"lc":2,"lj":2,"bm":0,"nm":"Stroke 1","mn":"ADBE Vector Graphic - Stroke","hd":false},{"ty":"tr","p":{"a":0,"k":[0,0],"ix":2},"a":{"a":0,"k":[0,0],"ix":1},"s":{"a":0,"k":[100,100],"ix":3},"r":{"a":0,"k":0,"ix":6},"o":{"a":0,"k":100,"ix":7},"sk":{"a":0,"k":0,"ix":4},"sa":{"a":0,"k":0,"ix":5},"nm":"Transform"}],"nm":"Group 4","np":2,"cix":2,"bm":0,"ix":4,"mn":"ADBE Vector Group","hd":false},{"ty":"gr","it":[{"ind":0,"ty":"sh","ix":1,"ks":{"a":0,"k":{"i":[[0,0],[1.779,-2.888]],"o":[[-1.779,2.888],[0,0]],"v":[[28.877,-0.853],[23.539,7.811]],"c":false},"ix":2},"nm":"Path 1","mn":"ADBE Vector Shape - Group","hd":false},{"ty":"st","c":{"a":0,"k":[0.176470592618,0.152941182256,0.341176480055,1],"ix":3},"o":{"a":0,"k":100,"ix":4},"w":{"a":0,"k":4,"ix":5},"lc":2,"lj":2,"bm":0,"nm":"Stroke 1","mn":"ADBE Vector Graphic - Stroke","hd":false},{"ty":"tr","p":{"a":0,"k":[0,0],"ix":2},"a":{"a":0,"k":[0,0],"ix":1},"s":{"a":0,"k":[100,100],"ix":3},"r":{"a":0,"k":0,"ix":6},"o":{"a":0,"k":100,"ix":7},"sk":{"a":0,"k":0,"ix":4},"sa":{"a":0,"k":0,"ix":5},"nm":"Transform"}],"nm":"Group 5","np":2,"cix":2,"bm":0,"ix":5,"mn":"ADBE Vector Group","hd":false},{"ty":"gr","it":[{"ind":0,"ty":"sh","ix":1,"ks":{"a":0,"k":{"i":[[0,0],[1.058,-3.257]],"o":[[-2.43,2.412],[0,0]],"v":[[20.218,-1.515],[14.884,7.151]],"c":false},"ix":2},"nm":"Path 1","mn":"ADBE Vector Shape - Group","hd":false},{"ty":"st","c":{"a":0,"k":[0.176470592618,0.152941182256,0.341176480055,1],"ix":3},"o":{"a":0,"k":100,"ix":4},"w":{"a":0,"k":4,"ix":5},"lc":2,"lj":2,"bm":0,"nm":"Stroke 1","mn":"ADBE Vector Graphic - Stroke","hd":false},{"ty":"tr","p":{"a":0,"k":[0,0],"ix":2},"a":{"a":0,"k":[0,0],"ix":1},"s":{"a":0,"k":[100,100],"ix":3},"r":{"a":0,"k":0,"ix":6},"o":{"a":0,"k":100,"ix":7},"sk":{"a":0,"k":0,"ix":4},"sa":{"a":0,"k":0,"ix":5},"nm":"Transform"}],"nm":"Group 6","np":2,"cix":2,"bm":0,"ix":6,"mn":"ADBE Vector Group","hd":false}],"ip":8,"op":16,"st":8,"bm":0},{"ddd":0,"ind":2,"ty":4,"nm":"arm R 2","sr":1,"ks":{"o":{"a":0,"k":100,"ix":11},"r":{"a":0,"k":0,"ix":10},"p":{"a":0,"k":[400.048,452.028,0],"ix":2},"a":{"a":0,"k":[91.048,143.028,0],"ix":1},"s":{"a":0,"k":[100,100,100],"ix":6}},"ao":0,"shapes":[{"ty":"gr","it":[{"ind":0,"ty":"sh","ix":1,"ks":{"a":1,"k":[{"i":{"x":0.833,"y":0.833},"o":{"x":0.167,"y":0.167},"n":"0p833_0p833_0p167_0p167","t":8,"s":[{"i":[[0,0],[-0.372,-16.018],[-2.347,-2.912],[-5.42,-0.042],[-8.073,4.861],[-2.558,9.584],[-2.656,9.557]],"o":[[-5.663,14.988],[0.087,3.739],[3.402,4.22],[9.423,0.073],[8.498,-5.116],[2.558,-9.584],[0,0]],"v":[[65.562,111.825],[57.526,158.916],[60.313,169.568],[75.31,174.218],[102.776,169.362],[118.663,145.078],[124.604,115.933]],"c":false}],"e":[{"i":[[0,0],[-0.372,-16.018],[-2.347,-2.912],[-5.42,-0.042],[-8.073,4.861],[-2.558,9.584],[-0.604,11.067]],"o":[[-5.663,14.988],[0.087,3.739],[3.402,4.22],[9.423,0.073],[8.498,-5.116],[2.558,-9.584],[0,0]],"v":[[66.062,107.325],[57.526,153.916],[60.313,169.568],[75.31,174.218],[102.776,169.362],[118.663,148.078],[124.604,113.433]],"c":false}]},{"i":{"x":0.833,"y":0.833},"o":{"x":0.167,"y":0.167},"n":"0p833_0p833_0p167_0p167","t":10,"s":[{"i":[[0,0],[-0.372,-16.018],[-2.347,-2.912],[-5.42,-0.042],[-8.073,4.861],[-2.558,9.584],[-0.604,11.067]],"o":[[-5.663,14.988],[0.087,3.739],[3.402,4.22],[9.423,0.073],[8.498,-5.116],[2.558,-9.584],[0,0]],"v":[[66.062,107.325],[57.526,153.916],[60.313,169.568],[75.31,174.218],[102.776,169.362],[118.663,148.078],[124.604,113.433]],"c":false}],"e":[{"i":[[0,0],[-0.372,-16.018],[-2.347,-2.912],[-5.42,-0.042],[-8.073,4.861],[-2.558,9.584],[-2.656,9.557]],"o":[[-5.663,14.988],[0.087,3.739],[3.402,4.22],[9.423,0.073],[8.498,-5.116],[2.558,-9.584],[0,0]],"v":[[65.562,111.825],[57.526,158.916],[60.313,169.568],[75.31,174.218],[102.776,169.362],[118.663,145.078],[124.604,115.933]],"c":false}]},{"i":{"x":0.833,"y":0.833},"o":{"x":0.167,"y":0.167},"n":"0p833_0p833_0p167_0p167","t":12,"s":[{"i":[[0,0],[-0.372,-16.018],[-2.347,-2.912],[-5.42,-0.042],[-8.073,4.861],[-2.558,9.584],[-2.656,9.557]],"o":[[-5.663,14.988],[0.087,3.739],[3.402,4.22],[9.423,0.073],[8.498,-5.116],[2.558,-9.584],[0,0]],"v":[[65.562,111.825],[57.526,158.916],[60.313,169.568],[75.31,174.218],[102.776,169.362],[118.663,145.078],[124.604,115.933]],"c":false}],"e":[{"i":[[0,0],[-0.372,-16.018],[-2.347,-2.912],[-5.42,-0.042],[-8.073,4.861],[-2.558,9.584],[-0.604,11.067]],"o":[[-5.663,14.988],[0.087,3.739],[3.402,4.22],[9.423,0.073],[8.498,-5.116],[2.558,-9.584],[0,0]],"v":[[66.062,107.325],[57.526,153.916],[60.313,169.568],[75.31,174.218],[102.776,169.362],[118.663,148.078],[124.604,113.433]],"c":false}]},{"i":{"x":0.833,"y":0.833},"o":{"x":0.167,"y":0.167},"n":"0p833_0p833_0p167_0p167","t":14,"s":[{"i":[[0,0],[-0.372,-16.018],[-2.347,-2.912],[-5.42,-0.042],[-8.073,4.861],[-2.558,9.584],[-0.604,11.067]],"o":[[-5.663,14.988],[0.087,3.739],[3.402,4.22],[9.423,0.073],[8.498,-5.116],[2.558,-9.584],[0,0]],"v":[[66.062,107.325],[57.526,153.916],[60.313,169.568],[75.31,174.218],[102.776,169.362],[118.663,148.078],[124.604,113.433]],"c":false}],"e":[{"i":[[0,0],[-0.372,-16.018],[-2.347,-2.912],[-5.42,-0.042],[-8.073,4.861],[-2.558,9.584],[-2.656,9.557]],"o":[[-5.663,14.988],[0.087,3.739],[3.402,4.22],[9.423,0.073],[8.498,-5.116],[2.558,-9.584],[0,0]],"v":[[65.562,111.825],[57.526,158.916],[60.313,169.568],[75.31,174.218],[102.776,169.362],[118.663,145.078],[124.604,115.933]],"c":false}]},{"t":16}],"ix":2},"nm":"Path 1","mn":"ADBE Vector Shape - Group","hd":false},{"ty":"st","c":{"a":0,"k":[0.176470592618,0.152941182256,0.341176480055,1],"ix":3},"o":{"a":0,"k":100,"ix":4},"w":{"a":0,"k":9,"ix":5},"lc":2,"lj":2,"bm":0,"nm":"Stroke 1","mn":"ADBE Vector Graphic - Stroke","hd":false},{"ty":"fl","c":{"a":0,"k":[1,0.850980392157,0.227450980392,1],"ix":4},"o":{"a":0,"k":100,"ix":5},"r":1,"bm":0,"nm":"Fill 1","mn":"ADBE Vector Graphic - Fill","hd":false},{"ty":"tr","p":{"a":0,"k":[0,0],"ix":2},"a":{"a":0,"k":[0,0],"ix":1},"s":{"a":0,"k":[100,100],"ix":3},"r":{"a":0,"k":0,"ix":6},"o":{"a":0,"k":100,"ix":7},"sk":{"a":0,"k":0,"ix":4},"sa":{"a":0,"k":0,"ix":5},"nm":"Transform"}],"nm":"Group 1","np":3,"cix":2,"bm":0,"ix":1,"mn":"ADBE Vector Group","hd":false}],"ip":8,"op":16,"st":8,"bm":0},{"ddd":0,"ind":3,"ty":4,"nm":"water L 2","parent":5,"sr":1,"ks":{"o":{"a":0,"k":100,"ix":11},"r":{"a":0,"k":0,"ix":10},"p":{"a":0,"k":[-83.396,74.943,0],"ix":2},"a":{"a":0,"k":[-83.396,74.943,0],"ix":1},"s":{"a":0,"k":[100,100,100],"ix":6}},"ao":0,"shapes":[{"ty":"gr","it":[{"ind":0,"ty":"sh","ix":1,"ks":{"a":1,"k":[{"i":{"x":0.833,"y":0.833},"o":{"x":0.167,"y":0.167},"n":"0p833_0p833_0p167_0p167","t":8,"s":[{"i":[[0,0],[-1.645,68.497],[-0.567,2.267],[6.282,5.765],[2.362,-48.241],[-0.748,-2.494]],"o":[[0,0],[1.645,-68.497],[0.25,-1],[-2.284,-2.096],[-2.694,55.019],[1.5,5]],"v":[[-66.148,195.985],[-66.645,72.497],[-64.532,-10.265],[-85.782,-20.265],[-94.362,46.991],[-100.148,194.485]],"c":false}],"e":[{"i":[[0,0],[-1.645,68.497],[-0.567,2.267],[3.167,3.5],[2.888,-55.009],[-0.748,-2.494]],"o":[[0,0],[1.645,-68.497],[0.25,-1],[-2.08,-2.299],[-2.888,55.009],[1.5,5]],"v":[[-67.148,191.985],[-66.645,96.997],[-64.532,-10.265],[-85.782,-19.015],[-93.112,70.991],[-101.148,190.485]],"c":false}]},{"i":{"x":0.833,"y":0.833},"o":{"x":0.167,"y":0.167},"n":"0p833_0p833_0p167_0p167","t":12,"s":[{"i":[[0,0],[-1.645,68.497],[-0.567,2.267],[3.167,3.5],[2.888,-55.009],[-0.748,-2.494]],"o":[[0,0],[1.645,-68.497],[0.25,-1],[-2.08,-2.299],[-2.888,55.009],[1.5,5]],"v":[[-67.148,191.985],[-66.645,96.997],[-64.532,-10.265],[-85.782,-19.015],[-93.112,70.991],[-101.148,190.485]],"c":false}],"e":[{"i":[[0,0],[-1.645,68.497],[-0.567,2.267],[6.282,5.765],[2.362,-48.241],[-0.748,-2.494]],"o":[[0,0],[1.645,-68.497],[0.25,-1],[-2.284,-2.096],[-2.694,55.019],[1.5,5]],"v":[[-66.148,195.985],[-66.645,72.497],[-64.532,-10.265],[-85.782,-20.265],[-94.362,46.991],[-100.148,194.485]],"c":false}]},{"i":{"x":0.833,"y":0.833},"o":{"x":0.167,"y":0.167},"n":"0p833_0p833_0p167_0p167","t":16,"s":[{"i":[[0,0],[-1.645,68.497],[-0.567,2.267],[6.282,5.765],[2.362,-48.241],[-0.748,-2.494]],"o":[[0,0],[1.645,-68.497],[0.25,-1],[-2.284,-2.096],[-2.694,55.019],[1.5,5]],"v":[[-66.148,195.985],[-66.645,72.497],[-64.532,-10.265],[-85.782,-20.265],[-94.362,46.991],[-100.148,194.485]],"c":false}],"e":[{"i":[[0,0],[-1.645,68.497],[-0.567,2.267],[3.167,3.5],[2.888,-55.009],[-0.748,-2.494]],"o":[[0,0],[1.645,-68.497],[0.25,-1],[-2.08,-2.299],[-2.888,55.009],[1.5,5]],"v":[[-67.148,191.985],[-66.645,96.997],[-64.532,-10.265],[-85.782,-19.015],[-93.112,70.991],[-101.148,190.485]],"c":false}]},{"i":{"x":0.833,"y":0.833},"o":{"x":0.167,"y":0.167},"n":"0p833_0p833_0p167_0p167","t":20,"s":[{"i":[[0,0],[-1.645,68.497],[-0.567,2.267],[3.167,3.5],[2.888,-55.009],[-0.748,-2.494]],"o":[[0,0],[1.645,-68.497],[0.25,-1],[-2.08,-2.299],[-2.888,55.009],[1.5,5]],"v":[[-67.148,191.985],[-66.645,96.997],[-64.532,-10.265],[-85.782,-19.015],[-93.112,70.991],[-101.148,190.485]],"c":false}],"e":[{"i":[[0,0],[-1.645,68.497],[-0.567,2.267],[3.167,3.5],[3.112,-56.491],[-0.748,-2.494]],"o":[[0,0],[1.645,-68.497],[0.25,-1],[-2.08,-2.299],[-3.03,55.002],[1.5,5]],"v":[[-66.148,195.985],[-66.645,72.497],[-64.532,-10.265],[-85.782,-19.015],[-94.612,35.991],[-100.148,194.485]],"c":false}]},{"t":24}],"ix":2},"nm":"Path 1","mn":"ADBE Vector Shape - Group","hd":false},{"ty":"fl","c":{"a":0,"k":[0.423529416323,0.658823549747,1,1],"ix":4},"o":{"a":0,"k":100,"ix":5},"r":1,"bm":0,"nm":"Fill 1","mn":"ADBE Vector Graphic - Fill","hd":false},{"ty":"tr","p":{"a":0,"k":[0,0],"ix":2},"a":{"a":0,"k":[0,0],"ix":1},"s":{"a":0,"k":[100,100],"ix":3},"r":{"a":0,"k":0,"ix":6},"o":{"a":0,"k":100,"ix":7},"sk":{"a":0,"k":0,"ix":4},"sa":{"a":0,"k":0,"ix":5},"nm":"Transform"}],"nm":"Group 1","np":2,"cix":2,"bm":0,"ix":1,"mn":"ADBE Vector Group","hd":false}],"ip":8,"op":16,"st":8,"bm":0},{"ddd":0,"ind":4,"ty":4,"nm":"water R 2","parent":5,"sr":1,"ks":{"o":{"a":0,"k":100,"ix":11},"r":{"a":0,"k":0,"ix":10},"p":{"a":0,"k":[-7.97,78.687,0],"ix":2},"a":{"a":0,"k":[-7.97,78.687,0],"ix":1},"s":{"a":0,"k":[100,100,100],"ix":6}},"ao":0,"shapes":[{"ty":"gr","it":[{"ind":0,"ty":"sh","ix":1,"ks":{"a":1,"k":[{"i":{"x":0.833,"y":0.833},"o":{"x":0.167,"y":0.167},"n":"0p833_0p833_0p167_0p167","t":8,"s":[{"i":[[0,0],[4.041,81.004],[0,2.482],[-7.75,10.75],[-2.438,-33.97],[0.746,-2.487]],"o":[[0,0],[-2.715,-54.437],[0,-1.75],[1.818,-2.521],[5.694,79.344],[-1.5,5]],"v":[[-24.282,176.485],[-27.541,60.496],[-25.782,-10.265],[-4.782,-19.015],[4.438,74.97],[9.718,174.985]],"c":false}],"e":[{"i":[[0,0],[-1.773,71.565],[0,2.482],[-7.75,10.75],[-0.438,-24.97],[0.746,-2.487]],"o":[[0,0],[1.041,-41.996],[0,-1.75],[1.818,-2.521],[1.701,97.076],[-1.5,5]],"v":[[-24.282,187.985],[-25.041,83.996],[-25.782,-10.265],[-4.782,-19.015],[5.938,57.97],[9.718,186.485]],"c":false}]},{"i":{"x":0.833,"y":0.833},"o":{"x":0.167,"y":0.167},"n":"0p833_0p833_0p167_0p167","t":12,"s":[{"i":[[0,0],[-1.773,71.565],[0,2.482],[-7.75,10.75],[-0.438,-24.97],[0.746,-2.487]],"o":[[0,0],[1.041,-41.996],[0,-1.75],[1.818,-2.521],[1.701,97.076],[-1.5,5]],"v":[[-24.282,187.985],[-25.041,83.996],[-25.782,-10.265],[-4.782,-19.015],[5.938,57.97],[9.718,186.485]],"c":false}],"e":[{"i":[[0,0],[4.041,81.004],[0,2.482],[-7.75,10.75],[-2.438,-33.97],[0.746,-2.487]],"o":[[0,0],[-2.715,-54.437],[0,-1.75],[1.818,-2.521],[5.694,79.344],[-1.5,5]],"v":[[-24.282,176.485],[-27.541,60.496],[-25.782,-10.265],[-4.782,-19.015],[4.438,74.97],[9.718,174.985]],"c":false}]},{"i":{"x":0.833,"y":0.833},"o":{"x":0.167,"y":0.167},"n":"0p833_0p833_0p167_0p167","t":16,"s":[{"i":[[0,0],[4.041,81.004],[0,2.482],[-7.75,10.75],[-2.438,-33.97],[0.746,-2.487]],"o":[[0,0],[-2.715,-54.437],[0,-1.75],[1.818,-2.521],[5.694,79.344],[-1.5,5]],"v":[[-24.282,176.485],[-27.541,60.496],[-25.782,-10.265],[-4.782,-19.015],[4.438,74.97],[9.718,174.985]],"c":false}],"e":[{"i":[[0,0],[-1.773,71.565],[0,2.482],[-7.75,10.75],[-0.438,-24.97],[0.746,-2.487]],"o":[[0,0],[1.041,-41.996],[0,-1.75],[1.818,-2.521],[1.701,97.076],[-1.5,5]],"v":[[-24.282,187.985],[-25.041,83.996],[-25.782,-10.265],[-4.782,-19.015],[5.938,57.97],[9.718,186.485]],"c":false}]},{"i":{"x":0.833,"y":0.833},"o":{"x":0.167,"y":0.167},"n":"0p833_0p833_0p167_0p167","t":20,"s":[{"i":[[0,0],[-1.773,71.565],[0,2.482],[-7.75,10.75],[-0.438,-24.97],[0.746,-2.487]],"o":[[0,0],[1.041,-41.996],[0,-1.75],[1.818,-2.521],[1.701,97.076],[-1.5,5]],"v":[[-24.282,187.985],[-25.041,83.996],[-25.782,-10.265],[-4.782,-19.015],[5.938,57.97],[9.718,186.485]],"c":false}],"e":[{"i":[[0,0],[4.041,81.004],[0,2.482],[-7.75,10.75],[-2.438,-33.97],[0.746,-2.487]],"o":[[0,0],[-2.715,-54.437],[0,-1.75],[1.818,-2.521],[5.694,79.344],[-1.5,5]],"v":[[-24.282,176.485],[-27.541,60.496],[-25.782,-10.265],[-4.782,-19.015],[4.438,74.97],[9.718,174.985]],"c":false}]},{"t":24}],"ix":2},"nm":"Path 1","mn":"ADBE Vector Shape - Group","hd":false},{"ty":"fl","c":{"a":0,"k":[0.423529416323,0.658823549747,1,1],"ix":4},"o":{"a":0,"k":100,"ix":5},"r":1,"bm":0,"nm":"Fill 1","mn":"ADBE Vector Graphic - Fill","hd":false},{"ty":"tr","p":{"a":0,"k":[0,0],"ix":2},"a":{"a":0,"k":[0,0],"ix":1},"s":{"a":0,"k":[100,100],"ix":3},"r":{"a":0,"k":0,"ix":6},"o":{"a":0,"k":100,"ix":7},"sk":{"a":0,"k":0,"ix":4},"sa":{"a":0,"k":0,"ix":5},"nm":"Transform"}],"nm":"Group 1","np":2,"cix":2,"bm":0,"ix":1,"mn":"ADBE Vector Group","hd":false}],"ip":8,"op":16,"st":8,"bm":0},{"ddd":0,"ind":5,"ty":4,"nm":"eye 2","sr":1,"ks":{"o":{"a":0,"k":100,"ix":11},"r":{"a":0,"k":0,"ix":10},"p":{"a":1,"k":[{"i":{"x":0.667,"y":1},"o":{"x":0.333,"y":0},"n":"0p667_1_0p333_0","t":8,"s":[264.849,287.528,0],"e":[264.849,285.528,0],"to":[0,-0.33333334326744,0],"ti":[0,0,0]},{"i":{"x":0.667,"y":1},"o":{"x":0.333,"y":0},"n":"0p667_1_0p333_0","t":10,"s":[264.849,285.528,0],"e":[264.849,287.528,0],"to":[0,0,0],"ti":[0,0.16666667163372,0]},{"i":{"x":0.667,"y":1},"o":{"x":0.333,"y":0},"n":"0p667_1_0p333_0","t":12,"s":[264.849,287.528,0],"e":[264.849,284.528,0],"to":[0,-0.16666667163372,0],"ti":[0,0,0]},{"i":{"x":0.667,"y":1},"o":{"x":0.333,"y":0},"n":"0p667_1_0p333_0","t":14,"s":[264.849,284.528,0],"e":[264.849,287.528,0],"to":[0,0,0],"ti":[0,-0.5,0]},{"t":16}],"ix":2},"a":{"a":0,"k":[-44.151,-21.472,0],"ix":1},"s":{"a":0,"k":[100,100,100],"ix":6}},"ao":0,"shapes":[{"ty":"gr","it":[{"ind":0,"ty":"sh","ix":1,"ks":{"a":1,"k":[{"i":{"x":0.833,"y":0.833},"o":{"x":0.167,"y":0.167},"n":"0p833_0p833_0p167_0p167","t":8,"s":[{"i":[[0,0],[-12.117,-8.5]],"o":[[0,0],[12.117,8.5]],"v":[[-56.282,34.985],[-31.116,34.985]],"c":false}],"e":[{"i":[[0,0],[-10.884,-5.485]],"o":[[0,0],[13.218,6.661]],"v":[[-57.532,34.985],[-31.116,35.485]],"c":false}]},{"i":{"x":0.833,"y":0.833},"o":{"x":0.167,"y":0.167},"n":"0p833_0p833_0p167_0p167","t":10,"s":[{"i":[[0,0],[-10.884,-5.485]],"o":[[0,0],[13.218,6.661]],"v":[[-57.532,34.985],[-31.116,35.485]],"c":false}],"e":[{"i":[[0,0],[-12.117,-8.5]],"o":[[0,0],[12.117,8.5]],"v":[[-56.282,34.985],[-31.116,34.985]],"c":false}]},{"i":{"x":0.833,"y":0.833},"o":{"x":0.167,"y":0.167},"n":"0p833_0p833_0p167_0p167","t":12,"s":[{"i":[[0,0],[-12.117,-8.5]],"o":[[0,0],[12.117,8.5]],"v":[[-56.282,34.985],[-31.116,34.985]],"c":false}],"e":[{"i":[[0,0],[-10.884,-5.485]],"o":[[0,0],[13.218,6.661]],"v":[[-57.532,34.985],[-31.116,35.485]],"c":false}]},{"i":{"x":0.833,"y":0.833},"o":{"x":0.167,"y":0.167},"n":"0p833_0p833_0p167_0p167","t":14,"s":[{"i":[[0,0],[-10.884,-5.485]],"o":[[0,0],[13.218,6.661]],"v":[[-57.532,34.985],[-31.116,35.485]],"c":false}],"e":[{"i":[[0,0],[-12.117,-8.5]],"o":[[0,0],[12.117,8.5]],"v":[[-56.282,34.985],[-31.116,34.985]],"c":false}]},{"t":16}],"ix":2},"nm":"Path 1","mn":"ADBE Vector Shape - Group","hd":false},{"ty":"st","c":{"a":0,"k":[0.176470592618,0.152941182256,0.341176480055,1],"ix":3},"o":{"a":0,"k":100,"ix":4},"w":{"a":0,"k":8,"ix":5},"lc":2,"lj":2,"bm":0,"nm":"Stroke 1","mn":"ADBE Vector Graphic - Stroke","hd":false},{"ty":"tr","p":{"a":0,"k":[0,0],"ix":2},"a":{"a":0,"k":[0,0],"ix":1},"s":{"a":0,"k":[100,100],"ix":3},"r":{"a":0,"k":0,"ix":6},"o":{"a":0,"k":100,"ix":7},"sk":{"a":0,"k":0,"ix":4},"sa":{"a":0,"k":0,"ix":5},"nm":"Transform"}],"nm":"Group 1","np":2,"cix":2,"bm":0,"ix":1,"mn":"ADBE Vector Group","hd":false},{"ty":"gr","it":[{"ty":"gr","it":[{"ind":0,"ty":"sh","ix":1,"ks":{"a":1,"k":[{"i":{"x":0.833,"y":0.833},"o":{"x":0.167,"y":0.167},"n":"0p833_0p833_0p167_0p167","t":8,"s":[{"i":[[0,0],[-32,13.333],[-25,3.5]],"o":[[0,0],[0,0],[0,0]],"v":[[-109.769,-59.678],[-43.519,-77.178],[21.218,-55.226]],"c":false}],"e":[{"i":[[0,0],[-32,13.333],[-25,3.5]],"o":[[0,0],[0,0],[0,0]],"v":[[-111.519,-59.928],[-42.519,-78.678],[23.218,-54.976]],"c":false}]},{"i":{"x":0.833,"y":0.833},"o":{"x":0.167,"y":0.167},"n":"0p833_0p833_0p167_0p167","t":10,"s":[{"i":[[0,0],[-32,13.333],[-25,3.5]],"o":[[0,0],[0,0],[0,0]],"v":[[-111.519,-59.928],[-42.519,-78.678],[23.218,-54.976]],"c":false}],"e":[{"i":[[0,0],[-32,13.333],[-25,3.5]],"o":[[0,0],[0,0],[0,0]],"v":[[-109.769,-59.678],[-43.519,-77.178],[21.218,-55.226]],"c":false}]},{"i":{"x":0.833,"y":0.833},"o":{"x":0.167,"y":0.167},"n":"0p833_0p833_0p167_0p167","t":12,"s":[{"i":[[0,0],[-32,13.333],[-25,3.5]],"o":[[0,0],[0,0],[0,0]],"v":[[-109.769,-59.678],[-43.519,-77.178],[21.218,-55.226]],"c":false}],"e":[{"i":[[0,0],[-32,13.333],[-25,3.5]],"o":[[0,0],[0,0],[0,0]],"v":[[-111.519,-59.928],[-42.519,-78.678],[23.218,-54.976]],"c":false}]},{"i":{"x":0.833,"y":0.833},"o":{"x":0.167,"y":0.167},"n":"0p833_0p833_0p167_0p167","t":14,"s":[{"i":[[0,0],[-32,13.333],[-25,3.5]],"o":[[0,0],[0,0],[0,0]],"v":[[-111.519,-59.928],[-42.519,-78.678],[23.218,-54.976]],"c":false}],"e":[{"i":[[0,0],[-32,13.333],[-25,3.5]],"o":[[0,0],[0,0],[0,0]],"v":[[-109.769,-59.678],[-43.519,-77.178],[21.218,-55.226]],"c":false}]},{"t":16}],"ix":2},"nm":"Path 1","mn":"ADBE Vector Shape - Group","hd":false},{"ty":"st","c":{"a":0,"k":[0.176470592618,0.152941182256,0.341176480055,1],"ix":3},"o":{"a":0,"k":100,"ix":4},"w":{"a":0,"k":8,"ix":5},"lc":2,"lj":2,"bm":0,"nm":"Stroke 1","mn":"ADBE Vector Graphic - Stroke","hd":false},{"ty":"tr","p":{"a":0,"k":[0,0],"ix":2},"a":{"a":0,"k":[0,0],"ix":1},"s":{"a":0,"k":[100,100],"ix":3},"r":{"a":0,"k":0,"ix":6},"o":{"a":0,"k":100,"ix":7},"sk":{"a":0,"k":0,"ix":4},"sa":{"a":0,"k":0,"ix":5},"nm":"Transform"}],"nm":"brwo","np":2,"cix":2,"bm":0,"ix":1,"mn":"ADBE Vector Group","hd":false},{"ty":"gr","it":[{"ind":0,"ty":"sh","ix":1,"ks":{"a":0,"k":{"i":[[0,-10.674],[6.716,0],[0,10.674],[-6.716,0]],"o":[[0,10.674],[-6.716,0],[0,-10.674],[6.716,0]],"v":[[-16.29,-46.809],[-28.449,-27.482],[-40.609,-46.809],[-28.449,-66.136]],"c":true},"ix":2},"nm":"Path 1","mn":"ADBE Vector Shape - Group","hd":false},{"ty":"fl","c":{"a":0,"k":[0.176470592618,0.152941182256,0.341176480055,1],"ix":4},"o":{"a":0,"k":100,"ix":5},"r":1,"bm":0,"nm":"Fill 1","mn":"ADBE Vector Graphic - Fill","hd":false},{"ty":"tr","p":{"a":1,"k":[{"i":{"x":0.833,"y":0.833},"o":{"x":0.167,"y":0.167},"n":"0p833_0p833_0p167_0p167","t":8,"s":[0,0],"e":[1,0],"to":[0.16666667163372,0],"ti":[0,0]},{"i":{"x":0.833,"y":0.833},"o":{"x":0.167,"y":0.167},"n":"0p833_0p833_0p167_0p167","t":10,"s":[1,0],"e":[0,0],"to":[0,0],"ti":[0,0]},{"i":{"x":0.833,"y":0.833},"o":{"x":0.167,"y":0.167},"n":"0p833_0p833_0p167_0p167","t":12,"s":[0,0],"e":[1,0],"to":[0,0],"ti":[0,0]},{"i":{"x":0.833,"y":0.833},"o":{"x":0.167,"y":0.167},"n":"0p833_0p833_0p167_0p167","t":14,"s":[1,0],"e":[0,0],"to":[0,0],"ti":[0.16666667163372,0]},{"t":16}],"ix":2},"a":{"a":0,"k":[0,0],"ix":1},"s":{"a":0,"k":[100,100],"ix":3},"r":{"a":0,"k":0,"ix":6},"o":{"a":0,"k":100,"ix":7},"sk":{"a":0,"k":0,"ix":4},"sa":{"a":0,"k":0,"ix":5},"nm":"Transform"}],"nm":"pupil R","np":2,"cix":2,"bm":0,"ix":2,"mn":"ADBE Vector Group","hd":false},{"ty":"gr","it":[{"ind":0,"ty":"sh","ix":1,"ks":{"a":0,"k":{"i":[[0,-10.674],[6.716,0],[0,10.674],[-6.716,0]],"o":[[0,10.674],[-6.716,0],[0,-10.674],[6.716,0]],"v":[[-70.623,-42.976],[-82.782,-23.648],[-94.942,-42.976],[-82.782,-62.303]],"c":true},"ix":2},"nm":"Path 1","mn":"ADBE Vector Shape - Group","hd":false},{"ty":"fl","c":{"a":0,"k":[0.176470592618,0.152941182256,0.341176480055,1],"ix":4},"o":{"a":0,"k":100,"ix":5},"r":1,"bm":0,"nm":"Fill 1","mn":"ADBE Vector Graphic - Fill","hd":false},{"ty":"tr","p":{"a":1,"k":[{"i":{"x":0.833,"y":0.833},"o":{"x":0.167,"y":0.167},"n":"0p833_0p833_0p167_0p167","t":8,"s":[0,0],"e":[1.5,-0.5],"to":[0.25,-0.08333333581686],"ti":[0,0]},{"i":{"x":0.833,"y":0.833},"o":{"x":0.167,"y":0.167},"n":"0p833_0p833_0p167_0p167","t":10,"s":[1.5,-0.5],"e":[0,0],"to":[0,0],"ti":[0,0]},{"i":{"x":0.833,"y":0.833},"o":{"x":0.167,"y":0.167},"n":"0p833_0p833_0p167_0p167","t":12,"s":[0,0],"e":[1.5,-0.5],"to":[0,0],"ti":[0,0]},{"i":{"x":0.833,"y":0.833},"o":{"x":0.167,"y":0.167},"n":"0p833_0p833_0p167_0p167","t":14,"s":[1.5,-0.5],"e":[0,0],"to":[0,0],"ti":[0.25,-0.08333333581686]},{"t":16}],"ix":2},"a":{"a":0,"k":[0,0],"ix":1},"s":{"a":0,"k":[100,100],"ix":3},"r":{"a":0,"k":0,"ix":6},"o":{"a":0,"k":100,"ix":7},"sk":{"a":0,"k":0,"ix":4},"sa":{"a":0,"k":0,"ix":5},"nm":"Transform"}],"nm":"pupil L","np":2,"cix":2,"bm":0,"ix":3,"mn":"ADBE Vector Group","hd":false},{"ty":"gr","it":[{"ind":0,"ty":"sh","ix":1,"ks":{"a":0,"k":{"i":[[0,-6.257],[13.084,0],[0,19.003],[-6.128,6.128],[-4.727,-1.99],[-0.743,-1.273]],"o":[[0,19.003],[-13.084,0],[0,-11.554],[1,-1],[9.5,4],[2.743,4.698]],"v":[[4.718,-39.476],[-18.973,-5.068],[-42.663,-39.476],[-31.852,-69.262],[-17.852,-62.095],[1.558,-56.656]],"c":true},"ix":2},"nm":"Path 1","mn":"ADBE Vector Shape - Group","hd":false},{"ty":"st","c":{"a":0,"k":[0.176470592618,0.152941182256,0.341176480055,1],"ix":3},"o":{"a":0,"k":100,"ix":4},"w":{"a":0,"k":8,"ix":5},"lc":2,"lj":2,"bm":0,"nm":"Stroke 1","mn":"ADBE Vector Graphic - Stroke","hd":false},{"ty":"fl","c":{"a":0,"k":[1,1,1,1],"ix":4},"o":{"a":0,"k":100,"ix":5},"r":1,"bm":0,"nm":"Fill 1","mn":"ADBE Vector Graphic - Fill","hd":false},{"ty":"tr","p":{"a":0,"k":[0,0],"ix":2},"a":{"a":0,"k":[0,0],"ix":1},"s":{"a":0,"k":[100,100],"ix":3},"r":{"a":0,"k":0,"ix":6},"o":{"a":0,"k":100,"ix":7},"sk":{"a":0,"k":0,"ix":4},"sa":{"a":0,"k":0,"ix":5},"nm":"Transform"}],"nm":"Group 4","np":3,"cix":2,"bm":0,"ix":4,"mn":"ADBE Vector Group","hd":false},{"ty":"gr","it":[{"ind":0,"ty":"sh","ix":1,"ks":{"a":0,"k":{"i":[[0,-13.31],[13.084,0],[0,19.003],[-4.548,3.081],[-5.333,2],[-0.928,-0.876]],"o":[[0,19.003],[-13.084,0],[0,-9.436],[2.418,-1.638],[3.67,-1.376],[6.926,6.538]],"v":[[-47.441,-39.476],[-71.131,-5.068],[-94.821,-39.476],[-87.971,-63.676],[-70.852,-68.595],[-60.258,-70.053]],"c":true},"ix":2},"nm":"Path 1","mn":"ADBE Vector Shape - Group","hd":false},{"ty":"st","c":{"a":0,"k":[0.176470592618,0.152941182256,0.341176480055,1],"ix":3},"o":{"a":0,"k":100,"ix":4},"w":{"a":0,"k":8,"ix":5},"lc":2,"lj":2,"bm":0,"nm":"Stroke 1","mn":"ADBE Vector Graphic - Stroke","hd":false},{"ty":"fl","c":{"a":0,"k":[1,1,1,1],"ix":4},"o":{"a":0,"k":100,"ix":5},"r":1,"bm":0,"nm":"Fill 1","mn":"ADBE Vector Graphic - Fill","hd":false},{"ty":"tr","p":{"a":0,"k":[0,0],"ix":2},"a":{"a":0,"k":[0,0],"ix":1},"s":{"a":0,"k":[100,100],"ix":3},"r":{"a":0,"k":0,"ix":6},"o":{"a":0,"k":100,"ix":7},"sk":{"a":0,"k":0,"ix":4},"sa":{"a":0,"k":0,"ix":5},"nm":"Transform"}],"nm":"Group 5","np":3,"cix":2,"bm":0,"ix":5,"mn":"ADBE Vector Group","hd":false},{"ty":"tr","p":{"a":0,"k":[0,0],"ix":2},"a":{"a":0,"k":[0,0],"ix":1},"s":{"a":0,"k":[100,100],"ix":3},"r":{"a":0,"k":0,"ix":6},"o":{"a":0,"k":100,"ix":7},"sk":{"a":0,"k":0,"ix":4},"sa":{"a":0,"k":0,"ix":5},"nm":"Transform"}],"nm":"Group 2","np":5,"cix":2,"bm":0,"ix":2,"mn":"ADBE Vector Group","hd":false}],"ip":8,"op":16,"st":8,"bm":0},{"ddd":0,"ind":6,"ty":4,"nm":"body 2","sr":1,"ks":{"o":{"a":0,"k":100,"ix":11},"r":{"a":0,"k":0,"ix":10},"p":{"a":0,"k":[319.463,294.34,0],"ix":2},"a":{"a":0,"k":[10.463,-14.66,0],"ix":1},"s":{"a":0,"k":[100,100,100],"ix":6}},"ao":0,"shapes":[{"ty":"gr","it":[{"ind":0,"ty":"sh","ix":1,"ks":{"a":1,"k":[{"i":{"x":0.833,"y":0.833},"o":{"x":0.167,"y":0.167},"n":"0p833_0p833_0p167_0p167","t":8,"s":[{"i":[[0,-120.616],[34.267,-13.153],[64.55,3.964],[19.655,38],[-0.316,74.708],[-64.239,5.236]],"o":[[0,57.631],[-38.038,14.6],[-51.433,-3.158],[-26.577,-51.383],[0.447,-105.5],[184.04,-15]],"v":[[203.218,5.985],[144.382,149.137],[-60.781,164.985],[-159.948,107.485],[-181.837,-39.015],[-39.787,-194.015]],"c":true}],"e":[{"i":[[0,-120.616],[34.267,-13.153],[64.55,3.964],[19.655,38],[-0.316,74.708],[-64.239,5.236]],"o":[[0,57.631],[-38.038,14.6],[-51.433,-3.158],[-26.577,-51.383],[0.447,-105.5],[184.04,-15]],"v":[[203.218,5.985],[147.882,148.137],[-51.781,165.985],[-161.448,107.485],[-181.837,-39.015],[-39.787,-200.015]],"c":true}]},{"i":{"x":0.833,"y":0.833},"o":{"x":0.167,"y":0.167},"n":"0p833_0p833_0p167_0p167","t":10,"s":[{"i":[[0,-120.616],[34.267,-13.153],[64.55,3.964],[19.655,38],[-0.316,74.708],[-64.239,5.236]],"o":[[0,57.631],[-38.038,14.6],[-51.433,-3.158],[-26.577,-51.383],[0.447,-105.5],[184.04,-15]],"v":[[203.218,5.985],[147.882,148.137],[-51.781,165.985],[-161.448,107.485],[-181.837,-39.015],[-39.787,-200.015]],"c":true}],"e":[{"i":[[0,-120.616],[34.267,-13.153],[64.55,3.964],[19.655,38],[-0.316,74.708],[-64.239,5.236]],"o":[[0,57.631],[-38.038,14.6],[-51.433,-3.158],[-26.577,-51.383],[0.447,-105.5],[184.04,-15]],"v":[[203.218,5.985],[144.382,149.137],[-60.781,164.985],[-159.948,107.485],[-181.837,-39.015],[-39.787,-194.015]],"c":true}]},{"i":{"x":0.833,"y":0.833},"o":{"x":0.167,"y":0.167},"n":"0p833_0p833_0p167_0p167","t":12,"s":[{"i":[[0,-120.616],[34.267,-13.153],[64.55,3.964],[19.655,38],[-0.316,74.708],[-64.239,5.236]],"o":[[0,57.631],[-38.038,14.6],[-51.433,-3.158],[-26.577,-51.383],[0.447,-105.5],[184.04,-15]],"v":[[203.218,5.985],[144.382,149.137],[-60.781,164.985],[-159.948,107.485],[-181.837,-39.015],[-39.787,-194.015]],"c":true}],"e":[{"i":[[0,-120.616],[34.267,-13.153],[64.55,3.964],[19.655,38],[-0.316,74.708],[-64.239,5.236]],"o":[[0,57.631],[-38.038,14.6],[-51.433,-3.158],[-26.577,-51.383],[0.447,-105.5],[184.04,-15]],"v":[[203.218,5.985],[147.882,148.137],[-51.781,165.985],[-161.448,107.485],[-181.837,-39.015],[-39.787,-200.015]],"c":true}]},{"i":{"x":0.833,"y":0.833},"o":{"x":0.167,"y":0.167},"n":"0p833_0p833_0p167_0p167","t":14,"s":[{"i":[[0,-120.616],[34.267,-13.153],[64.55,3.964],[19.655,38],[-0.316,74.708],[-64.239,5.236]],"o":[[0,57.631],[-38.038,14.6],[-51.433,-3.158],[-26.577,-51.383],[0.447,-105.5],[184.04,-15]],"v":[[203.218,5.985],[147.882,148.137],[-51.781,165.985],[-161.448,107.485],[-181.837,-39.015],[-39.787,-200.015]],"c":true}],"e":[{"i":[[0,-120.616],[34.267,-13.153],[64.55,3.964],[19.655,38],[-0.316,74.708],[-64.239,5.236]],"o":[[0,57.631],[-38.038,14.6],[-51.433,-3.158],[-26.577,-51.383],[0.447,-105.5],[184.04,-15]],"v":[[203.218,5.985],[144.382,149.137],[-60.781,164.985],[-159.948,107.485],[-181.837,-39.015],[-39.787,-194.015]],"c":true}]},{"t":16}],"ix":2},"nm":"Path 1","mn":"ADBE Vector Shape - Group","hd":false},{"ty":"st","c":{"a":0,"k":[0.176470592618,0.152941182256,0.341176480055,1],"ix":3},"o":{"a":0,"k":100,"ix":4},"w":{"a":0,"k":10,"ix":5},"lc":2,"lj":2,"bm":0,"nm":"Stroke 1","mn":"ADBE Vector Graphic - Stroke","hd":false},{"ty":"fl","c":{"a":0,"k":[1,0.850980392157,0.227450980392,1],"ix":4},"o":{"a":0,"k":100,"ix":5},"r":1,"bm":0,"nm":"Fill 1","mn":"ADBE Vector Graphic - Fill","hd":false},{"ty":"tr","p":{"a":0,"k":[0,0],"ix":2},"a":{"a":0,"k":[0,0],"ix":1},"s":{"a":0,"k":[100,100],"ix":3},"r":{"a":0,"k":0,"ix":6},"o":{"a":0,"k":100,"ix":7},"sk":{"a":0,"k":0,"ix":4},"sa":{"a":0,"k":0,"ix":5},"nm":"Transform"}],"nm":"Group 1","np":3,"cix":2,"bm":0,"ix":1,"mn":"ADBE Vector Group","hd":false}],"ip":8,"op":16,"st":8,"bm":0},{"ddd":0,"ind":7,"ty":4,"nm":"arm L 2","sr":1,"ks":{"o":{"a":0,"k":100,"ix":11},"r":{"a":0,"k":0,"ix":10},"p":{"a":0,"k":[162.454,435.204,0],"ix":2},"a":{"a":0,"k":[-146.546,126.204,0],"ix":1},"s":{"a":0,"k":[100,100,100],"ix":6}},"ao":0,"shapes":[{"ty":"gr","it":[{"ind":0,"ty":"sh","ix":1,"ks":{"a":1,"k":[{"i":{"x":0.833,"y":0.833},"o":{"x":0.167,"y":0.167},"n":"0p833_0p833_0p167_0p167","t":8,"s":[{"i":[[0,0],[1.085,-11.842],[-10.162,-6.177],[-9.47,0.445],[-3.338,1.326],[-0.711,3.521]],"o":[[-5.315,10.638],[-1.085,11.842],[8.102,4.925],[3.588,-0.169],[3.338,-1.326],[0,0]],"v":[[-163.965,91.716],[-175.772,125.15],[-162.49,156.275],[-134.805,160.464],[-124.214,158.785],[-117.153,151.239]],"c":false}],"e":[{"i":[[0,0],[1.085,-11.842],[-10.162,-6.177],[-9.47,0.445],[-3.338,1.326],[-0.711,3.521]],"o":[[-5.315,10.638],[-1.085,11.842],[8.102,4.925],[3.588,-0.169],[3.338,-1.326],[0,0]],"v":[[-164.465,85.716],[-175.772,125.15],[-162.99,156.275],[-137.305,161.464],[-124.214,158.785],[-116.153,146.739]],"c":false}]},{"i":{"x":0.833,"y":0.833},"o":{"x":0.167,"y":0.167},"n":"0p833_0p833_0p167_0p167","t":10,"s":[{"i":[[0,0],[1.085,-11.842],[-10.162,-6.177],[-9.47,0.445],[-3.338,1.326],[-0.711,3.521]],"o":[[-5.315,10.638],[-1.085,11.842],[8.102,4.925],[3.588,-0.169],[3.338,-1.326],[0,0]],"v":[[-164.465,85.716],[-175.772,125.15],[-162.99,156.275],[-137.305,161.464],[-124.214,158.785],[-116.153,146.739]],"c":false}],"e":[{"i":[[0,0],[1.085,-11.842],[-10.162,-6.177],[-9.47,0.445],[-3.338,1.326],[-0.711,3.521]],"o":[[-5.315,10.638],[-1.085,11.842],[8.102,4.925],[3.588,-0.169],[3.338,-1.326],[0,0]],"v":[[-163.965,91.716],[-175.772,125.15],[-162.49,156.275],[-134.805,160.464],[-124.214,158.785],[-117.153,151.239]],"c":false}]},{"i":{"x":0.833,"y":0.833},"o":{"x":0.167,"y":0.167},"n":"0p833_0p833_0p167_0p167","t":12,"s":[{"i":[[0,0],[1.085,-11.842],[-10.162,-6.177],[-9.47,0.445],[-3.338,1.326],[-0.711,3.521]],"o":[[-5.315,10.638],[-1.085,11.842],[8.102,4.925],[3.588,-0.169],[3.338,-1.326],[0,0]],"v":[[-163.965,91.716],[-175.772,125.15],[-162.49,156.275],[-134.805,160.464],[-124.214,158.785],[-117.153,151.239]],"c":false}],"e":[{"i":[[0,0],[1.085,-11.842],[-10.162,-6.177],[-9.47,0.445],[-3.338,1.326],[-0.711,3.521]],"o":[[-5.315,10.638],[-1.085,11.842],[8.102,4.925],[3.588,-0.169],[3.338,-1.326],[0,0]],"v":[[-164.465,85.716],[-175.772,125.15],[-162.99,156.275],[-137.305,161.464],[-124.214,158.785],[-116.153,146.739]],"c":false}]},{"i":{"x":0.833,"y":0.833},"o":{"x":0.167,"y":0.167},"n":"0p833_0p833_0p167_0p167","t":14,"s":[{"i":[[0,0],[1.085,-11.842],[-10.162,-6.177],[-9.47,0.445],[-3.338,1.326],[-0.711,3.521]],"o":[[-5.315,10.638],[-1.085,11.842],[8.102,4.925],[3.588,-0.169],[3.338,-1.326],[0,0]],"v":[[-164.465,85.716],[-175.772,125.15],[-162.99,156.275],[-137.305,161.464],[-124.214,158.785],[-116.153,146.739]],"c":false}],"e":[{"i":[[0,0],[1.085,-11.842],[-10.162,-6.177],[-9.47,0.445],[-3.338,1.326],[-0.711,3.521]],"o":[[-5.315,10.638],[-1.085,11.842],[8.102,4.925],[3.588,-0.169],[3.338,-1.326],[0,0]],"v":[[-163.965,91.716],[-175.772,125.15],[-162.49,156.275],[-134.805,160.464],[-124.214,158.785],[-117.153,151.239]],"c":false}]},{"t":16}],"ix":2},"nm":"Path 1","mn":"ADBE Vector Shape - Group","hd":false},{"ty":"st","c":{"a":0,"k":[0.176470592618,0.152941182256,0.341176480055,1],"ix":3},"o":{"a":0,"k":100,"ix":4},"w":{"a":0,"k":9,"ix":5},"lc":2,"lj":2,"bm":0,"nm":"Stroke 1","mn":"ADBE Vector Graphic - Stroke","hd":false},{"ty":"fl","c":{"a":0,"k":[1,0.850980392157,0.227450980392,1],"ix":4},"o":{"a":0,"k":100,"ix":5},"r":1,"bm":0,"nm":"Fill 1","mn":"ADBE Vector Graphic - Fill","hd":false},{"ty":"tr","p":{"a":0,"k":[0,0],"ix":2},"a":{"a":0,"k":[0,0],"ix":1},"s":{"a":0,"k":[100,100],"ix":3},"r":{"a":0,"k":0,"ix":6},"o":{"a":0,"k":100,"ix":7},"sk":{"a":0,"k":0,"ix":4},"sa":{"a":0,"k":0,"ix":5},"nm":"Transform"}],"nm":"Group 1","np":3,"cix":2,"bm":0,"ix":1,"mn":"ADBE Vector Group","hd":false}],"ip":8,"op":16,"st":8,"bm":0},{"ddd":0,"ind":8,"ty":4,"nm":"water blue 2","sr":1,"ks":{"o":{"a":0,"k":100,"ix":11},"r":{"a":0,"k":0,"ix":10},"p":{"a":0,"k":[311.188,448.52,0],"ix":2},"a":{"a":0,"k":[2.188,139.52,0],"ix":1},"s":{"a":0,"k":[100,100,100],"ix":6}},"ao":0,"shapes":[{"ty":"gr","it":[{"ind":0,"ty":"sh","ix":1,"ks":{"a":1,"k":[{"i":{"x":0.833,"y":0.833},"o":{"x":0.167,"y":0.167},"n":"0p833_0p833_0p167_0p167","t":8,"s":[{"i":[[-3.333,-16],[55.662,-19.865],[56,6.667],[26.775,1.604],[25.223,3.406],[33.625,15.663],[-1.333,29.333],[-20.875,13.121],[-93.833,0],[-37.094,-21.865]],"o":[[5.564,26.706],[-39.409,14.064],[-18.968,-2.258],[-24.273,-1.454],[-33.698,-4.551],[-22.323,-10.398],[1.01,-22.228],[39.508,-24.833],[89.631,0],[22.256,13.119]],"v":[[239.551,127.151],[179.551,201.151],[35.551,222.485],[-35.116,231.818],[-108.449,214.485],[-201.116,193.818],[-236.449,133.151],[-197.984,81.96],[11.218,47.086],[204.206,82.937]],"c":true}],"e":[{"i":[[-7.246,-29.239],[56.199,-15.526],[68.824,2.515],[26.775,1.604],[25.223,3.406],[33.625,15.663],[-1.333,29.333],[-20.875,13.121],[-93.833,0],[-33.282,-18.699]],"o":[[3.324,35.849],[-40.971,7.578],[-19.089,-0.698],[-24.273,-1.454],[-33.698,-4.551],[-22.323,-10.398],[1.01,-22.228],[39.508,-24.833],[89.631,0],[22.659,12.702]],"v":[[242.176,124.151],[178.801,203.026],[36.676,228.485],[-36.991,224.318],[-116.324,220.86],[-198.491,186.318],[-227.449,135.401],[-196.859,83.085],[13.093,38.836],[198.581,76.187]],"c":true}]},{"i":{"x":0.833,"y":0.833},"o":{"x":0.167,"y":0.167},"n":"0p833_0p833_0p167_0p167","t":12,"s":[{"i":[[-7.246,-29.239],[56.199,-15.526],[68.824,2.515],[26.775,1.604],[25.223,3.406],[33.625,15.663],[-1.333,29.333],[-20.875,13.121],[-93.833,0],[-33.282,-18.699]],"o":[[3.324,35.849],[-40.971,7.578],[-19.089,-0.698],[-24.273,-1.454],[-33.698,-4.551],[-22.323,-10.398],[1.01,-22.228],[39.508,-24.833],[89.631,0],[22.659,12.702]],"v":[[242.176,124.151],[178.801,203.026],[36.676,228.485],[-36.991,224.318],[-116.324,220.86],[-198.491,186.318],[-227.449,135.401],[-196.859,83.085],[13.093,38.836],[198.581,76.187]],"c":true}],"e":[{"i":[[-3.333,-16],[55.662,-19.865],[56,6.667],[26.775,1.604],[25.223,3.406],[33.625,15.663],[-1.333,29.333],[-20.875,13.121],[-93.833,0],[-37.094,-21.865]],"o":[[5.564,26.706],[-39.409,14.064],[-18.968,-2.258],[-24.273,-1.454],[-33.698,-4.551],[-22.323,-10.398],[1.01,-22.228],[39.508,-24.833],[89.631,0],[22.256,13.119]],"v":[[239.551,127.151],[179.551,201.151],[35.551,222.485],[-35.116,231.818],[-108.449,214.485],[-201.116,193.818],[-236.449,133.151],[-197.984,81.96],[11.218,47.086],[204.206,82.937]],"c":true}]},{"i":{"x":0.833,"y":0.833},"o":{"x":0.167,"y":0.167},"n":"0p833_0p833_0p167_0p167","t":16,"s":[{"i":[[-3.333,-16],[55.662,-19.865],[56,6.667],[26.775,1.604],[25.223,3.406],[33.625,15.663],[-1.333,29.333],[-20.875,13.121],[-93.833,0],[-37.094,-21.865]],"o":[[5.564,26.706],[-39.409,14.064],[-18.968,-2.258],[-24.273,-1.454],[-33.698,-4.551],[-22.323,-10.398],[1.01,-22.228],[39.508,-24.833],[89.631,0],[22.256,13.119]],"v":[[239.551,127.151],[179.551,201.151],[35.551,222.485],[-35.116,231.818],[-108.449,214.485],[-201.116,193.818],[-236.449,133.151],[-197.984,81.96],[11.218,47.086],[204.206,82.937]],"c":true}],"e":[{"i":[[-8.551,-33.651],[58.449,0.349],[70.449,8.515],[26.775,1.604],[25.223,3.406],[33.625,15.663],[-1.333,29.333],[-20.875,13.121],[-93.833,0],[-24.706,-26.937]],"o":[[9.728,38.283],[-41.843,-0.25],[-18.964,-2.292],[-24.273,-1.454],[-33.698,-4.551],[-22.323,-10.398],[1.01,-22.228],[39.508,-24.833],[89.631,0],[17.463,19.04]],"v":[[250.051,122.151],[178.551,199.651],[37.051,230.485],[-37.616,221.818],[-118.949,222.985],[-197.616,183.818],[-224.449,136.151],[-196.484,83.46],[13.718,36.086],[204.706,73.937]],"c":true}]},{"i":{"x":0.833,"y":0.833},"o":{"x":0.167,"y":0.167},"n":"0p833_0p833_0p167_0p167","t":20,"s":[{"i":[[-8.551,-33.651],[58.449,0.349],[70.449,8.515],[26.775,1.604],[25.223,3.406],[33.625,15.663],[-1.333,29.333],[-20.875,13.121],[-93.833,0],[-24.706,-26.937]],"o":[[9.728,38.283],[-41.843,-0.25],[-18.964,-2.292],[-24.273,-1.454],[-33.698,-4.551],[-22.323,-10.398],[1.01,-22.228],[39.508,-24.833],[89.631,0],[17.463,19.04]],"v":[[250.051,122.151],[178.551,199.651],[37.051,230.485],[-37.616,221.818],[-118.949,222.985],[-197.616,183.818],[-224.449,136.151],[-196.484,83.46],[13.718,36.086],[204.706,73.937]],"c":true}],"e":[{"i":[[-3.333,-16],[55.662,-19.865],[56,6.667],[26.775,1.604],[25.223,3.406],[33.625,15.663],[-1.333,29.333],[-20.875,13.121],[-93.833,0],[-37.094,-21.865]],"o":[[5.564,26.706],[-39.409,14.064],[-18.968,-2.258],[-24.273,-1.454],[-33.698,-4.551],[-22.323,-10.398],[1.01,-22.228],[39.508,-24.833],[89.631,0],[22.256,13.119]],"v":[[239.551,127.151],[179.551,201.151],[35.551,222.485],[-35.116,231.818],[-108.449,214.485],[-201.116,193.818],[-236.449,133.151],[-197.984,81.96],[11.218,47.086],[204.206,82.937]],"c":true}]},{"t":24}],"ix":2},"nm":"Path 1","mn":"ADBE Vector Shape - Group","hd":false},{"ty":"fl","c":{"a":0,"k":[0.423529416323,0.658823549747,1,1],"ix":4},"o":{"a":0,"k":100,"ix":5},"r":1,"bm":0,"nm":"Fill 1","mn":"ADBE Vector Graphic - Fill","hd":false},{"ty":"tr","p":{"a":0,"k":[0,0],"ix":2},"a":{"a":0,"k":[0,0],"ix":1},"s":{"a":0,"k":[100,100],"ix":3},"r":{"a":0,"k":0,"ix":6},"o":{"a":0,"k":100,"ix":7},"sk":{"a":0,"k":0,"ix":4},"sa":{"a":0,"k":0,"ix":5},"nm":"Transform"}],"nm":"Group 1","np":2,"cix":2,"bm":0,"ix":1,"mn":"ADBE Vector Group","hd":false}],"ip":8,"op":16,"st":8,"bm":0},{"ddd":0,"ind":9,"ty":4,"nm":"mon_double","parent":13,"sr":1,"ks":{"o":{"a":0,"k":100,"ix":11},"r":{"a":0,"k":0,"ix":10},"p":{"a":0,"k":[-46.057,3.791,0],"ix":2},"a":{"a":0,"k":[-46.057,3.791,0],"ix":1},"s":{"a":0,"k":[100,100,100],"ix":6}},"ao":0,"shapes":[{"ty":"gr","it":[{"ind":0,"ty":"sh","ix":1,"ks":{"a":0,"k":{"i":[[0,0],[1.333,-3.111]],"o":[[-1.333,3.111],[0,0]],"v":[[-122.449,-0.182],[-126.449,9.151]],"c":false},"ix":2},"nm":"Path 1","mn":"ADBE Vector Shape - Group","hd":false},{"ty":"st","c":{"a":0,"k":[0.176470592618,0.152941182256,0.341176480055,1],"ix":3},"o":{"a":0,"k":100,"ix":4},"w":{"a":0,"k":4,"ix":5},"lc":2,"lj":2,"bm":0,"nm":"Stroke 1","mn":"ADBE Vector Graphic - Stroke","hd":false},{"ty":"tr","p":{"a":0,"k":[0,0],"ix":2},"a":{"a":0,"k":[0,0],"ix":1},"s":{"a":0,"k":[100,100],"ix":3},"r":{"a":0,"k":0,"ix":6},"o":{"a":0,"k":100,"ix":7},"sk":{"a":0,"k":0,"ix":4},"sa":{"a":0,"k":0,"ix":5},"nm":"Transform"}],"nm":"Group 1","np":2,"cix":2,"bm":0,"ix":1,"mn":"ADBE Vector Group","hd":false},{"ty":"gr","it":[{"ind":0,"ty":"sh","ix":1,"ks":{"a":0,"k":{"i":[[1.558,-3.332],[-0.889,3.111]],"o":[[0.889,-3.111],[-1.558,3.332]],"v":[[-115.782,9.151],[-113.116,-0.182]],"c":true},"ix":2},"nm":"Path 1","mn":"ADBE Vector Shape - Group","hd":false},{"ty":"st","c":{"a":0,"k":[0.176470592618,0.152941182256,0.341176480055,1],"ix":3},"o":{"a":0,"k":100,"ix":4},"w":{"a":0,"k":4,"ix":5},"lc":2,"lj":2,"bm":0,"nm":"Stroke 1","mn":"ADBE Vector Graphic - Stroke","hd":false},{"ty":"tr","p":{"a":0,"k":[0,0],"ix":2},"a":{"a":0,"k":[0,0],"ix":1},"s":{"a":0,"k":[100,100],"ix":3},"r":{"a":0,"k":0,"ix":6},"o":{"a":0,"k":100,"ix":7},"sk":{"a":0,"k":0,"ix":4},"sa":{"a":0,"k":0,"ix":5},"nm":"Transform"}],"nm":"Group 2","np":2,"cix":2,"bm":0,"ix":2,"mn":"ADBE Vector Group","hd":false},{"ty":"gr","it":[{"ind":0,"ty":"sh","ix":1,"ks":{"a":0,"k":{"i":[[0,0],[1.722,-3.362]],"o":[[-1.722,3.362],[0,0]],"v":[[-129.22,-1.569],[-134.386,8.517]],"c":false},"ix":2},"nm":"Path 1","mn":"ADBE Vector Shape - Group","hd":false},{"ty":"st","c":{"a":0,"k":[0.176470592618,0.152941182256,0.341176480055,1],"ix":3},"o":{"a":0,"k":100,"ix":4},"w":{"a":0,"k":4,"ix":5},"lc":2,"lj":2,"bm":0,"nm":"Stroke 1","mn":"ADBE Vector Graphic - Stroke","hd":false},{"ty":"tr","p":{"a":0,"k":[0,0],"ix":2},"a":{"a":0,"k":[0,0],"ix":1},"s":{"a":0,"k":[100,100],"ix":3},"r":{"a":0,"k":0,"ix":6},"o":{"a":0,"k":100,"ix":7},"sk":{"a":0,"k":0,"ix":4},"sa":{"a":0,"k":0,"ix":5},"nm":"Transform"}],"nm":"Group 3","np":2,"cix":2,"bm":0,"ix":3,"mn":"ADBE Vector Group","hd":false},{"ty":"gr","it":[{"ind":0,"ty":"sh","ix":1,"ks":{"a":0,"k":{"i":[[0,0],[1.782,-2.886]],"o":[[-1.782,2.886],[0,0]],"v":[[42.272,-1.482],[36.925,7.177]],"c":false},"ix":2},"nm":"Path 1","mn":"ADBE Vector Shape - Group","hd":false},{"ty":"st","c":{"a":0,"k":[0.176470592618,0.152941182256,0.341176480055,1],"ix":3},"o":{"a":0,"k":100,"ix":4},"w":{"a":0,"k":4,"ix":5},"lc":2,"lj":2,"bm":0,"nm":"Stroke 1","mn":"ADBE Vector Graphic - Stroke","hd":false},{"ty":"tr","p":{"a":0,"k":[0,0],"ix":2},"a":{"a":0,"k":[0,0],"ix":1},"s":{"a":0,"k":[100,100],"ix":3},"r":{"a":0,"k":0,"ix":6},"o":{"a":0,"k":100,"ix":7},"sk":{"a":0,"k":0,"ix":4},"sa":{"a":0,"k":0,"ix":5},"nm":"Transform"}],"nm":"Group 4","np":2,"cix":2,"bm":0,"ix":4,"mn":"ADBE Vector Group","hd":false},{"ty":"gr","it":[{"ind":0,"ty":"sh","ix":1,"ks":{"a":0,"k":{"i":[[0,0],[1.779,-2.888]],"o":[[-1.779,2.888],[0,0]],"v":[[28.877,-0.853],[23.539,7.811]],"c":false},"ix":2},"nm":"Path 1","mn":"ADBE Vector Shape - Group","hd":false},{"ty":"st","c":{"a":0,"k":[0.176470592618,0.152941182256,0.341176480055,1],"ix":3},"o":{"a":0,"k":100,"ix":4},"w":{"a":0,"k":4,"ix":5},"lc":2,"lj":2,"bm":0,"nm":"Stroke 1","mn":"ADBE Vector Graphic - Stroke","hd":false},{"ty":"tr","p":{"a":0,"k":[0,0],"ix":2},"a":{"a":0,"k":[0,0],"ix":1},"s":{"a":0,"k":[100,100],"ix":3},"r":{"a":0,"k":0,"ix":6},"o":{"a":0,"k":100,"ix":7},"sk":{"a":0,"k":0,"ix":4},"sa":{"a":0,"k":0,"ix":5},"nm":"Transform"}],"nm":"Group 5","np":2,"cix":2,"bm":0,"ix":5,"mn":"ADBE Vector Group","hd":false},{"ty":"gr","it":[{"ind":0,"ty":"sh","ix":1,"ks":{"a":0,"k":{"i":[[0,0],[1.058,-3.257]],"o":[[-2.43,2.412],[0,0]],"v":[[20.218,-1.515],[14.884,7.151]],"c":false},"ix":2},"nm":"Path 1","mn":"ADBE Vector Shape - Group","hd":false},{"ty":"st","c":{"a":0,"k":[0.176470592618,0.152941182256,0.341176480055,1],"ix":3},"o":{"a":0,"k":100,"ix":4},"w":{"a":0,"k":4,"ix":5},"lc":2,"lj":2,"bm":0,"nm":"Stroke 1","mn":"ADBE Vector Graphic - Stroke","hd":false},{"ty":"tr","p":{"a":0,"k":[0,0],"ix":2},"a":{"a":0,"k":[0,0],"ix":1},"s":{"a":0,"k":[100,100],"ix":3},"r":{"a":0,"k":0,"ix":6},"o":{"a":0,"k":100,"ix":7},"sk":{"a":0,"k":0,"ix":4},"sa":{"a":0,"k":0,"ix":5},"nm":"Transform"}],"nm":"Group 6","np":2,"cix":2,"bm":0,"ix":6,"mn":"ADBE Vector Group","hd":false}],"ip":0,"op":8,"st":0,"bm":0},{"ddd":0,"ind":10,"ty":4,"nm":"arm R","sr":1,"ks":{"o":{"a":0,"k":100,"ix":11},"r":{"a":0,"k":0,"ix":10},"p":{"a":0,"k":[400.048,452.028,0],"ix":2},"a":{"a":0,"k":[91.048,143.028,0],"ix":1},"s":{"a":0,"k":[100,100,100],"ix":6}},"ao":0,"shapes":[{"ty":"gr","it":[{"ind":0,"ty":"sh","ix":1,"ks":{"a":1,"k":[{"i":{"x":0.833,"y":0.833},"o":{"x":0.167,"y":0.167},"n":"0p833_0p833_0p167_0p167","t":0,"s":[{"i":[[0,0],[-0.372,-16.018],[-2.347,-2.912],[-5.42,-0.042],[-8.073,4.861],[-2.558,9.584],[-2.656,9.557]],"o":[[-5.663,14.988],[0.087,3.739],[3.402,4.22],[9.423,0.073],[8.498,-5.116],[2.558,-9.584],[0,0]],"v":[[65.562,111.825],[57.526,158.916],[60.313,169.568],[75.31,174.218],[102.776,169.362],[118.663,145.078],[124.604,115.933]],"c":false}],"e":[{"i":[[0,0],[-0.372,-16.018],[-2.347,-2.912],[-5.42,-0.042],[-8.073,4.861],[-2.558,9.584],[-0.604,11.067]],"o":[[-5.663,14.988],[0.087,3.739],[3.402,4.22],[9.423,0.073],[8.498,-5.116],[2.558,-9.584],[0,0]],"v":[[66.062,107.325],[57.526,153.916],[60.313,169.568],[75.31,174.218],[102.776,169.362],[118.663,148.078],[124.604,113.433]],"c":false}]},{"i":{"x":0.833,"y":0.833},"o":{"x":0.167,"y":0.167},"n":"0p833_0p833_0p167_0p167","t":2,"s":[{"i":[[0,0],[-0.372,-16.018],[-2.347,-2.912],[-5.42,-0.042],[-8.073,4.861],[-2.558,9.584],[-0.604,11.067]],"o":[[-5.663,14.988],[0.087,3.739],[3.402,4.22],[9.423,0.073],[8.498,-5.116],[2.558,-9.584],[0,0]],"v":[[66.062,107.325],[57.526,153.916],[60.313,169.568],[75.31,174.218],[102.776,169.362],[118.663,148.078],[124.604,113.433]],"c":false}],"e":[{"i":[[0,0],[-0.372,-16.018],[-2.347,-2.912],[-5.42,-0.042],[-8.073,4.861],[-2.558,9.584],[-2.656,9.557]],"o":[[-5.663,14.988],[0.087,3.739],[3.402,4.22],[9.423,0.073],[8.498,-5.116],[2.558,-9.584],[0,0]],"v":[[65.562,111.825],[57.526,158.916],[60.313,169.568],[75.31,174.218],[102.776,169.362],[118.663,145.078],[124.604,115.933]],"c":false}]},{"i":{"x":0.833,"y":0.833},"o":{"x":0.167,"y":0.167},"n":"0p833_0p833_0p167_0p167","t":4,"s":[{"i":[[0,0],[-0.372,-16.018],[-2.347,-2.912],[-5.42,-0.042],[-8.073,4.861],[-2.558,9.584],[-2.656,9.557]],"o":[[-5.663,14.988],[0.087,3.739],[3.402,4.22],[9.423,0.073],[8.498,-5.116],[2.558,-9.584],[0,0]],"v":[[65.562,111.825],[57.526,158.916],[60.313,169.568],[75.31,174.218],[102.776,169.362],[118.663,145.078],[124.604,115.933]],"c":false}],"e":[{"i":[[0,0],[-0.372,-16.018],[-2.347,-2.912],[-5.42,-0.042],[-8.073,4.861],[-2.558,9.584],[-0.604,11.067]],"o":[[-5.663,14.988],[0.087,3.739],[3.402,4.22],[9.423,0.073],[8.498,-5.116],[2.558,-9.584],[0,0]],"v":[[66.062,107.325],[57.526,153.916],[60.313,169.568],[75.31,174.218],[102.776,169.362],[118.663,148.078],[124.604,113.433]],"c":false}]},{"i":{"x":0.833,"y":0.833},"o":{"x":0.167,"y":0.167},"n":"0p833_0p833_0p167_0p167","t":6,"s":[{"i":[[0,0],[-0.372,-16.018],[-2.347,-2.912],[-5.42,-0.042],[-8.073,4.861],[-2.558,9.584],[-0.604,11.067]],"o":[[-5.663,14.988],[0.087,3.739],[3.402,4.22],[9.423,0.073],[8.498,-5.116],[2.558,-9.584],[0,0]],"v":[[66.062,107.325],[57.526,153.916],[60.313,169.568],[75.31,174.218],[102.776,169.362],[118.663,148.078],[124.604,113.433]],"c":false}],"e":[{"i":[[0,0],[-0.372,-16.018],[-2.347,-2.912],[-5.42,-0.042],[-8.073,4.861],[-2.558,9.584],[-2.656,9.557]],"o":[[-5.663,14.988],[0.087,3.739],[3.402,4.22],[9.423,0.073],[8.498,-5.116],[2.558,-9.584],[0,0]],"v":[[65.562,111.825],[57.526,158.916],[60.313,169.568],[75.31,174.218],[102.776,169.362],[118.663,145.078],[124.604,115.933]],"c":false}]},{"t":8}],"ix":2},"nm":"Path 1","mn":"ADBE Vector Shape - Group","hd":false},{"ty":"st","c":{"a":0,"k":[0.176470592618,0.152941182256,0.341176480055,1],"ix":3},"o":{"a":0,"k":100,"ix":4},"w":{"a":0,"k":9,"ix":5},"lc":2,"lj":2,"bm":0,"nm":"Stroke 1","mn":"ADBE Vector Graphic - Stroke","hd":false},{"ty":"fl","c":{"a":0,"k":[1,0.850980392157,0.227450980392,1],"ix":4},"o":{"a":0,"k":100,"ix":5},"r":1,"bm":0,"nm":"Fill 1","mn":"ADBE Vector Graphic - Fill","hd":false},{"ty":"tr","p":{"a":0,"k":[0,0],"ix":2},"a":{"a":0,"k":[0,0],"ix":1},"s":{"a":0,"k":[100,100],"ix":3},"r":{"a":0,"k":0,"ix":6},"o":{"a":0,"k":100,"ix":7},"sk":{"a":0,"k":0,"ix":4},"sa":{"a":0,"k":0,"ix":5},"nm":"Transform"}],"nm":"Group 1","np":3,"cix":2,"bm":0,"ix":1,"mn":"ADBE Vector Group","hd":false}],"ip":0,"op":8,"st":0,"bm":0},{"ddd":0,"ind":11,"ty":4,"nm":"water L","parent":13,"sr":1,"ks":{"o":{"a":0,"k":100,"ix":11},"r":{"a":0,"k":0,"ix":10},"p":{"a":0,"k":[-83.396,74.943,0],"ix":2},"a":{"a":0,"k":[-83.396,74.943,0],"ix":1},"s":{"a":0,"k":[100,100,100],"ix":6}},"ao":0,"shapes":[{"ty":"gr","it":[{"ind":0,"ty":"sh","ix":1,"ks":{"a":1,"k":[{"i":{"x":0.833,"y":0.833},"o":{"x":0.167,"y":0.167},"n":"0p833_0p833_0p167_0p167","t":0,"s":[{"i":[[0,0],[-1.645,68.497],[-0.567,2.267],[6.282,5.765],[2.362,-48.241],[-0.748,-2.494]],"o":[[0,0],[1.645,-68.497],[0.25,-1],[-2.284,-2.096],[-2.694,55.019],[1.5,5]],"v":[[-66.148,195.985],[-66.645,72.497],[-64.532,-10.265],[-85.782,-20.265],[-94.362,46.991],[-100.148,194.485]],"c":false}],"e":[{"i":[[0,0],[-1.645,68.497],[-0.567,2.267],[3.167,3.5],[2.888,-55.009],[-0.748,-2.494]],"o":[[0,0],[1.645,-68.497],[0.25,-1],[-2.08,-2.299],[-2.888,55.009],[1.5,5]],"v":[[-67.148,191.985],[-66.645,96.997],[-64.532,-10.265],[-85.782,-19.015],[-93.112,70.991],[-101.148,190.485]],"c":false}]},{"i":{"x":0.833,"y":0.833},"o":{"x":0.167,"y":0.167},"n":"0p833_0p833_0p167_0p167","t":4,"s":[{"i":[[0,0],[-1.645,68.497],[-0.567,2.267],[3.167,3.5],[2.888,-55.009],[-0.748,-2.494]],"o":[[0,0],[1.645,-68.497],[0.25,-1],[-2.08,-2.299],[-2.888,55.009],[1.5,5]],"v":[[-67.148,191.985],[-66.645,96.997],[-64.532,-10.265],[-85.782,-19.015],[-93.112,70.991],[-101.148,190.485]],"c":false}],"e":[{"i":[[0,0],[-1.645,68.497],[-0.567,2.267],[6.282,5.765],[2.362,-48.241],[-0.748,-2.494]],"o":[[0,0],[1.645,-68.497],[0.25,-1],[-2.284,-2.096],[-2.694,55.019],[1.5,5]],"v":[[-66.148,195.985],[-66.645,72.497],[-64.532,-10.265],[-85.782,-20.265],[-94.362,46.991],[-100.148,194.485]],"c":false}]},{"i":{"x":0.833,"y":0.833},"o":{"x":0.167,"y":0.167},"n":"0p833_0p833_0p167_0p167","t":8,"s":[{"i":[[0,0],[-1.645,68.497],[-0.567,2.267],[6.282,5.765],[2.362,-48.241],[-0.748,-2.494]],"o":[[0,0],[1.645,-68.497],[0.25,-1],[-2.284,-2.096],[-2.694,55.019],[1.5,5]],"v":[[-66.148,195.985],[-66.645,72.497],[-64.532,-10.265],[-85.782,-20.265],[-94.362,46.991],[-100.148,194.485]],"c":false}],"e":[{"i":[[0,0],[-1.645,68.497],[-0.567,2.267],[3.167,3.5],[2.888,-55.009],[-0.748,-2.494]],"o":[[0,0],[1.645,-68.497],[0.25,-1],[-2.08,-2.299],[-2.888,55.009],[1.5,5]],"v":[[-67.148,191.985],[-66.645,96.997],[-64.532,-10.265],[-85.782,-19.015],[-93.112,70.991],[-101.148,190.485]],"c":false}]},{"i":{"x":0.833,"y":0.833},"o":{"x":0.167,"y":0.167},"n":"0p833_0p833_0p167_0p167","t":12,"s":[{"i":[[0,0],[-1.645,68.497],[-0.567,2.267],[3.167,3.5],[2.888,-55.009],[-0.748,-2.494]],"o":[[0,0],[1.645,-68.497],[0.25,-1],[-2.08,-2.299],[-2.888,55.009],[1.5,5]],"v":[[-67.148,191.985],[-66.645,96.997],[-64.532,-10.265],[-85.782,-19.015],[-93.112,70.991],[-101.148,190.485]],"c":false}],"e":[{"i":[[0,0],[-1.645,68.497],[-0.567,2.267],[3.167,3.5],[3.112,-56.491],[-0.748,-2.494]],"o":[[0,0],[1.645,-68.497],[0.25,-1],[-2.08,-2.299],[-3.03,55.002],[1.5,5]],"v":[[-66.148,195.985],[-66.645,72.497],[-64.532,-10.265],[-85.782,-19.015],[-94.612,35.991],[-100.148,194.485]],"c":false}]},{"t":16}],"ix":2},"nm":"Path 1","mn":"ADBE Vector Shape - Group","hd":false},{"ty":"fl","c":{"a":0,"k":[0.423529416323,0.658823549747,1,1],"ix":4},"o":{"a":0,"k":100,"ix":5},"r":1,"bm":0,"nm":"Fill 1","mn":"ADBE Vector Graphic - Fill","hd":false},{"ty":"tr","p":{"a":0,"k":[0,0],"ix":2},"a":{"a":0,"k":[0,0],"ix":1},"s":{"a":0,"k":[100,100],"ix":3},"r":{"a":0,"k":0,"ix":6},"o":{"a":0,"k":100,"ix":7},"sk":{"a":0,"k":0,"ix":4},"sa":{"a":0,"k":0,"ix":5},"nm":"Transform"}],"nm":"Group 1","np":2,"cix":2,"bm":0,"ix":1,"mn":"ADBE Vector Group","hd":false}],"ip":0,"op":8,"st":0,"bm":0},{"ddd":0,"ind":12,"ty":4,"nm":"water R","parent":13,"sr":1,"ks":{"o":{"a":0,"k":100,"ix":11},"r":{"a":0,"k":0,"ix":10},"p":{"a":0,"k":[-7.97,78.687,0],"ix":2},"a":{"a":0,"k":[-7.97,78.687,0],"ix":1},"s":{"a":0,"k":[100,100,100],"ix":6}},"ao":0,"shapes":[{"ty":"gr","it":[{"ind":0,"ty":"sh","ix":1,"ks":{"a":1,"k":[{"i":{"x":0.833,"y":0.833},"o":{"x":0.167,"y":0.167},"n":"0p833_0p833_0p167_0p167","t":0,"s":[{"i":[[0,0],[4.041,81.004],[0,2.482],[-7.75,10.75],[-2.438,-33.97],[0.746,-2.487]],"o":[[0,0],[-2.715,-54.437],[0,-1.75],[1.818,-2.521],[5.694,79.344],[-1.5,5]],"v":[[-24.282,176.485],[-27.541,60.496],[-25.782,-10.265],[-4.782,-19.015],[4.438,74.97],[9.718,174.985]],"c":false}],"e":[{"i":[[0,0],[-1.773,71.565],[0,2.482],[-7.75,10.75],[-0.438,-24.97],[0.746,-2.487]],"o":[[0,0],[1.041,-41.996],[0,-1.75],[1.818,-2.521],[1.701,97.076],[-1.5,5]],"v":[[-24.282,187.985],[-25.041,83.996],[-25.782,-10.265],[-4.782,-19.015],[5.938,57.97],[9.718,186.485]],"c":false}]},{"i":{"x":0.833,"y":0.833},"o":{"x":0.167,"y":0.167},"n":"0p833_0p833_0p167_0p167","t":4,"s":[{"i":[[0,0],[-1.773,71.565],[0,2.482],[-7.75,10.75],[-0.438,-24.97],[0.746,-2.487]],"o":[[0,0],[1.041,-41.996],[0,-1.75],[1.818,-2.521],[1.701,97.076],[-1.5,5]],"v":[[-24.282,187.985],[-25.041,83.996],[-25.782,-10.265],[-4.782,-19.015],[5.938,57.97],[9.718,186.485]],"c":false}],"e":[{"i":[[0,0],[4.041,81.004],[0,2.482],[-7.75,10.75],[-2.438,-33.97],[0.746,-2.487]],"o":[[0,0],[-2.715,-54.437],[0,-1.75],[1.818,-2.521],[5.694,79.344],[-1.5,5]],"v":[[-24.282,176.485],[-27.541,60.496],[-25.782,-10.265],[-4.782,-19.015],[4.438,74.97],[9.718,174.985]],"c":false}]},{"i":{"x":0.833,"y":0.833},"o":{"x":0.167,"y":0.167},"n":"0p833_0p833_0p167_0p167","t":8,"s":[{"i":[[0,0],[4.041,81.004],[0,2.482],[-7.75,10.75],[-2.438,-33.97],[0.746,-2.487]],"o":[[0,0],[-2.715,-54.437],[0,-1.75],[1.818,-2.521],[5.694,79.344],[-1.5,5]],"v":[[-24.282,176.485],[-27.541,60.496],[-25.782,-10.265],[-4.782,-19.015],[4.438,74.97],[9.718,174.985]],"c":false}],"e":[{"i":[[0,0],[-1.773,71.565],[0,2.482],[-7.75,10.75],[-0.438,-24.97],[0.746,-2.487]],"o":[[0,0],[1.041,-41.996],[0,-1.75],[1.818,-2.521],[1.701,97.076],[-1.5,5]],"v":[[-24.282,187.985],[-25.041,83.996],[-25.782,-10.265],[-4.782,-19.015],[5.938,57.97],[9.718,186.485]],"c":false}]},{"i":{"x":0.833,"y":0.833},"o":{"x":0.167,"y":0.167},"n":"0p833_0p833_0p167_0p167","t":12,"s":[{"i":[[0,0],[-1.773,71.565],[0,2.482],[-7.75,10.75],[-0.438,-24.97],[0.746,-2.487]],"o":[[0,0],[1.041,-41.996],[0,-1.75],[1.818,-2.521],[1.701,97.076],[-1.5,5]],"v":[[-24.282,187.985],[-25.041,83.996],[-25.782,-10.265],[-4.782,-19.015],[5.938,57.97],[9.718,186.485]],"c":false}],"e":[{"i":[[0,0],[4.041,81.004],[0,2.482],[-7.75,10.75],[-2.438,-33.97],[0.746,-2.487]],"o":[[0,0],[-2.715,-54.437],[0,-1.75],[1.818,-2.521],[5.694,79.344],[-1.5,5]],"v":[[-24.282,176.485],[-27.541,60.496],[-25.782,-10.265],[-4.782,-19.015],[4.438,74.97],[9.718,174.985]],"c":false}]},{"t":16}],"ix":2},"nm":"Path 1","mn":"ADBE Vector Shape - Group","hd":false},{"ty":"fl","c":{"a":0,"k":[0.423529416323,0.658823549747,1,1],"ix":4},"o":{"a":0,"k":100,"ix":5},"r":1,"bm":0,"nm":"Fill 1","mn":"ADBE Vector Graphic - Fill","hd":false},{"ty":"tr","p":{"a":0,"k":[0,0],"ix":2},"a":{"a":0,"k":[0,0],"ix":1},"s":{"a":0,"k":[100,100],"ix":3},"r":{"a":0,"k":0,"ix":6},"o":{"a":0,"k":100,"ix":7},"sk":{"a":0,"k":0,"ix":4},"sa":{"a":0,"k":0,"ix":5},"nm":"Transform"}],"nm":"Group 1","np":2,"cix":2,"bm":0,"ix":1,"mn":"ADBE Vector Group","hd":false}],"ip":0,"op":8,"st":0,"bm":0},{"ddd":0,"ind":13,"ty":4,"nm":"eye","sr":1,"ks":{"o":{"a":0,"k":100,"ix":11},"r":{"a":0,"k":0,"ix":10},"p":{"a":1,"k":[{"i":{"x":0.667,"y":1},"o":{"x":0.333,"y":0},"n":"0p667_1_0p333_0","t":0,"s":[264.849,287.528,0],"e":[264.849,285.528,0],"to":[0,-0.33333334326744,0],"ti":[0,0,0]},{"i":{"x":0.667,"y":1},"o":{"x":0.333,"y":0},"n":"0p667_1_0p333_0","t":2,"s":[264.849,285.528,0],"e":[264.849,287.528,0],"to":[0,0,0],"ti":[0,0.16666667163372,0]},{"i":{"x":0.667,"y":1},"o":{"x":0.333,"y":0},"n":"0p667_1_0p333_0","t":4,"s":[264.849,287.528,0],"e":[264.849,284.528,0],"to":[0,-0.16666667163372,0],"ti":[0,0,0]},{"i":{"x":0.667,"y":1},"o":{"x":0.333,"y":0},"n":"0p667_1_0p333_0","t":6,"s":[264.849,284.528,0],"e":[264.849,287.528,0],"to":[0,0,0],"ti":[0,-0.5,0]},{"t":8}],"ix":2},"a":{"a":0,"k":[-44.151,-21.472,0],"ix":1},"s":{"a":0,"k":[100,100,100],"ix":6}},"ao":0,"shapes":[{"ty":"gr","it":[{"ind":0,"ty":"sh","ix":1,"ks":{"a":1,"k":[{"i":{"x":0.833,"y":0.833},"o":{"x":0.167,"y":0.167},"n":"0p833_0p833_0p167_0p167","t":0,"s":[{"i":[[0,0],[-12.117,-8.5]],"o":[[0,0],[12.117,8.5]],"v":[[-56.282,34.985],[-31.116,34.985]],"c":false}],"e":[{"i":[[0,0],[-10.884,-5.485]],"o":[[0,0],[13.218,6.661]],"v":[[-57.532,34.985],[-31.116,35.485]],"c":false}]},{"i":{"x":0.833,"y":0.833},"o":{"x":0.167,"y":0.167},"n":"0p833_0p833_0p167_0p167","t":2,"s":[{"i":[[0,0],[-10.884,-5.485]],"o":[[0,0],[13.218,6.661]],"v":[[-57.532,34.985],[-31.116,35.485]],"c":false}],"e":[{"i":[[0,0],[-12.117,-8.5]],"o":[[0,0],[12.117,8.5]],"v":[[-56.282,34.985],[-31.116,34.985]],"c":false}]},{"i":{"x":0.833,"y":0.833},"o":{"x":0.167,"y":0.167},"n":"0p833_0p833_0p167_0p167","t":4,"s":[{"i":[[0,0],[-12.117,-8.5]],"o":[[0,0],[12.117,8.5]],"v":[[-56.282,34.985],[-31.116,34.985]],"c":false}],"e":[{"i":[[0,0],[-10.884,-5.485]],"o":[[0,0],[13.218,6.661]],"v":[[-57.532,34.985],[-31.116,35.485]],"c":false}]},{"i":{"x":0.833,"y":0.833},"o":{"x":0.167,"y":0.167},"n":"0p833_0p833_0p167_0p167","t":6,"s":[{"i":[[0,0],[-10.884,-5.485]],"o":[[0,0],[13.218,6.661]],"v":[[-57.532,34.985],[-31.116,35.485]],"c":false}],"e":[{"i":[[0,0],[-12.117,-8.5]],"o":[[0,0],[12.117,8.5]],"v":[[-56.282,34.985],[-31.116,34.985]],"c":false}]},{"t":8}],"ix":2},"nm":"Path 1","mn":"ADBE Vector Shape - Group","hd":false},{"ty":"st","c":{"a":0,"k":[0.176470592618,0.152941182256,0.341176480055,1],"ix":3},"o":{"a":0,"k":100,"ix":4},"w":{"a":0,"k":8,"ix":5},"lc":2,"lj":2,"bm":0,"nm":"Stroke 1","mn":"ADBE Vector Graphic - Stroke","hd":false},{"ty":"tr","p":{"a":0,"k":[0,0],"ix":2},"a":{"a":0,"k":[0,0],"ix":1},"s":{"a":0,"k":[100,100],"ix":3},"r":{"a":0,"k":0,"ix":6},"o":{"a":0,"k":100,"ix":7},"sk":{"a":0,"k":0,"ix":4},"sa":{"a":0,"k":0,"ix":5},"nm":"Transform"}],"nm":"Group 1","np":2,"cix":2,"bm":0,"ix":1,"mn":"ADBE Vector Group","hd":false},{"ty":"gr","it":[{"ty":"gr","it":[{"ind":0,"ty":"sh","ix":1,"ks":{"a":1,"k":[{"i":{"x":0.833,"y":0.833},"o":{"x":0.167,"y":0.167},"n":"0p833_0p833_0p167_0p167","t":0,"s":[{"i":[[0,0],[-32,13.333],[-25,3.5]],"o":[[0,0],[0,0],[0,0]],"v":[[-109.769,-59.678],[-43.519,-77.178],[21.218,-55.226]],"c":false}],"e":[{"i":[[0,0],[-32,13.333],[-25,3.5]],"o":[[0,0],[0,0],[0,0]],"v":[[-111.519,-59.928],[-42.519,-78.678],[23.218,-54.976]],"c":false}]},{"i":{"x":0.833,"y":0.833},"o":{"x":0.167,"y":0.167},"n":"0p833_0p833_0p167_0p167","t":2,"s":[{"i":[[0,0],[-32,13.333],[-25,3.5]],"o":[[0,0],[0,0],[0,0]],"v":[[-111.519,-59.928],[-42.519,-78.678],[23.218,-54.976]],"c":false}],"e":[{"i":[[0,0],[-32,13.333],[-25,3.5]],"o":[[0,0],[0,0],[0,0]],"v":[[-109.769,-59.678],[-43.519,-77.178],[21.218,-55.226]],"c":false}]},{"i":{"x":0.833,"y":0.833},"o":{"x":0.167,"y":0.167},"n":"0p833_0p833_0p167_0p167","t":4,"s":[{"i":[[0,0],[-32,13.333],[-25,3.5]],"o":[[0,0],[0,0],[0,0]],"v":[[-109.769,-59.678],[-43.519,-77.178],[21.218,-55.226]],"c":false}],"e":[{"i":[[0,0],[-32,13.333],[-25,3.5]],"o":[[0,0],[0,0],[0,0]],"v":[[-111.519,-59.928],[-42.519,-78.678],[23.218,-54.976]],"c":false}]},{"i":{"x":0.833,"y":0.833},"o":{"x":0.167,"y":0.167},"n":"0p833_0p833_0p167_0p167","t":6,"s":[{"i":[[0,0],[-32,13.333],[-25,3.5]],"o":[[0,0],[0,0],[0,0]],"v":[[-111.519,-59.928],[-42.519,-78.678],[23.218,-54.976]],"c":false}],"e":[{"i":[[0,0],[-32,13.333],[-25,3.5]],"o":[[0,0],[0,0],[0,0]],"v":[[-109.769,-59.678],[-43.519,-77.178],[21.218,-55.226]],"c":false}]},{"t":8}],"ix":2},"nm":"Path 1","mn":"ADBE Vector Shape - Group","hd":false},{"ty":"st","c":{"a":0,"k":[0.176470592618,0.152941182256,0.341176480055,1],"ix":3},"o":{"a":0,"k":100,"ix":4},"w":{"a":0,"k":8,"ix":5},"lc":2,"lj":2,"bm":0,"nm":"Stroke 1","mn":"ADBE Vector Graphic - Stroke","hd":false},{"ty":"tr","p":{"a":0,"k":[0,0],"ix":2},"a":{"a":0,"k":[0,0],"ix":1},"s":{"a":0,"k":[100,100],"ix":3},"r":{"a":0,"k":0,"ix":6},"o":{"a":0,"k":100,"ix":7},"sk":{"a":0,"k":0,"ix":4},"sa":{"a":0,"k":0,"ix":5},"nm":"Transform"}],"nm":"brwo","np":2,"cix":2,"bm":0,"ix":1,"mn":"ADBE Vector Group","hd":false},{"ty":"gr","it":[{"ind":0,"ty":"sh","ix":1,"ks":{"a":0,"k":{"i":[[0,-10.674],[6.716,0],[0,10.674],[-6.716,0]],"o":[[0,10.674],[-6.716,0],[0,-10.674],[6.716,0]],"v":[[-16.29,-46.809],[-28.449,-27.482],[-40.609,-46.809],[-28.449,-66.136]],"c":true},"ix":2},"nm":"Path 1","mn":"ADBE Vector Shape - Group","hd":false},{"ty":"fl","c":{"a":0,"k":[0.176470592618,0.152941182256,0.341176480055,1],"ix":4},"o":{"a":0,"k":100,"ix":5},"r":1,"bm":0,"nm":"Fill 1","mn":"ADBE Vector Graphic - Fill","hd":false},{"ty":"tr","p":{"a":1,"k":[{"i":{"x":0.833,"y":0.833},"o":{"x":0.167,"y":0.167},"n":"0p833_0p833_0p167_0p167","t":0,"s":[0,0],"e":[1,0],"to":[0.16666667163372,0],"ti":[0,0]},{"i":{"x":0.833,"y":0.833},"o":{"x":0.167,"y":0.167},"n":"0p833_0p833_0p167_0p167","t":2,"s":[1,0],"e":[0,0],"to":[0,0],"ti":[0,0]},{"i":{"x":0.833,"y":0.833},"o":{"x":0.167,"y":0.167},"n":"0p833_0p833_0p167_0p167","t":4,"s":[0,0],"e":[1,0],"to":[0,0],"ti":[0,0]},{"i":{"x":0.833,"y":0.833},"o":{"x":0.167,"y":0.167},"n":"0p833_0p833_0p167_0p167","t":6,"s":[1,0],"e":[0,0],"to":[0,0],"ti":[0.16666667163372,0]},{"t":8}],"ix":2},"a":{"a":0,"k":[0,0],"ix":1},"s":{"a":0,"k":[100,100],"ix":3},"r":{"a":0,"k":0,"ix":6},"o":{"a":0,"k":100,"ix":7},"sk":{"a":0,"k":0,"ix":4},"sa":{"a":0,"k":0,"ix":5},"nm":"Transform"}],"nm":"pupil R","np":2,"cix":2,"bm":0,"ix":2,"mn":"ADBE Vector Group","hd":false},{"ty":"gr","it":[{"ind":0,"ty":"sh","ix":1,"ks":{"a":0,"k":{"i":[[0,-10.674],[6.716,0],[0,10.674],[-6.716,0]],"o":[[0,10.674],[-6.716,0],[0,-10.674],[6.716,0]],"v":[[-70.623,-42.976],[-82.782,-23.648],[-94.942,-42.976],[-82.782,-62.303]],"c":true},"ix":2},"nm":"Path 1","mn":"ADBE Vector Shape - Group","hd":false},{"ty":"fl","c":{"a":0,"k":[0.176470592618,0.152941182256,0.341176480055,1],"ix":4},"o":{"a":0,"k":100,"ix":5},"r":1,"bm":0,"nm":"Fill 1","mn":"ADBE Vector Graphic - Fill","hd":false},{"ty":"tr","p":{"a":1,"k":[{"i":{"x":0.833,"y":0.833},"o":{"x":0.167,"y":0.167},"n":"0p833_0p833_0p167_0p167","t":0,"s":[0,0],"e":[1.5,-0.5],"to":[0.25,-0.08333333581686],"ti":[0,0]},{"i":{"x":0.833,"y":0.833},"o":{"x":0.167,"y":0.167},"n":"0p833_0p833_0p167_0p167","t":2,"s":[1.5,-0.5],"e":[0,0],"to":[0,0],"ti":[0,0]},{"i":{"x":0.833,"y":0.833},"o":{"x":0.167,"y":0.167},"n":"0p833_0p833_0p167_0p167","t":4,"s":[0,0],"e":[1.5,-0.5],"to":[0,0],"ti":[0,0]},{"i":{"x":0.833,"y":0.833},"o":{"x":0.167,"y":0.167},"n":"0p833_0p833_0p167_0p167","t":6,"s":[1.5,-0.5],"e":[0,0],"to":[0,0],"ti":[0.25,-0.08333333581686]},{"t":8}],"ix":2},"a":{"a":0,"k":[0,0],"ix":1},"s":{"a":0,"k":[100,100],"ix":3},"r":{"a":0,"k":0,"ix":6},"o":{"a":0,"k":100,"ix":7},"sk":{"a":0,"k":0,"ix":4},"sa":{"a":0,"k":0,"ix":5},"nm":"Transform"}],"nm":"pupil L","np":2,"cix":2,"bm":0,"ix":3,"mn":"ADBE Vector Group","hd":false},{"ty":"gr","it":[{"ind":0,"ty":"sh","ix":1,"ks":{"a":0,"k":{"i":[[0,-6.257],[13.084,0],[0,19.003],[-6.128,6.128],[-4.727,-1.99],[-0.743,-1.273]],"o":[[0,19.003],[-13.084,0],[0,-11.554],[1,-1],[9.5,4],[2.743,4.698]],"v":[[4.718,-39.476],[-18.973,-5.068],[-42.663,-39.476],[-31.852,-69.262],[-17.852,-62.095],[1.558,-56.656]],"c":true},"ix":2},"nm":"Path 1","mn":"ADBE Vector Shape - Group","hd":false},{"ty":"st","c":{"a":0,"k":[0.176470592618,0.152941182256,0.341176480055,1],"ix":3},"o":{"a":0,"k":100,"ix":4},"w":{"a":0,"k":8,"ix":5},"lc":2,"lj":2,"bm":0,"nm":"Stroke 1","mn":"ADBE Vector Graphic - Stroke","hd":false},{"ty":"fl","c":{"a":0,"k":[1,1,1,1],"ix":4},"o":{"a":0,"k":100,"ix":5},"r":1,"bm":0,"nm":"Fill 1","mn":"ADBE Vector Graphic - Fill","hd":false},{"ty":"tr","p":{"a":0,"k":[0,0],"ix":2},"a":{"a":0,"k":[0,0],"ix":1},"s":{"a":0,"k":[100,100],"ix":3},"r":{"a":0,"k":0,"ix":6},"o":{"a":0,"k":100,"ix":7},"sk":{"a":0,"k":0,"ix":4},"sa":{"a":0,"k":0,"ix":5},"nm":"Transform"}],"nm":"Group 4","np":3,"cix":2,"bm":0,"ix":4,"mn":"ADBE Vector Group","hd":false},{"ty":"gr","it":[{"ind":0,"ty":"sh","ix":1,"ks":{"a":0,"k":{"i":[[0,-13.31],[13.084,0],[0,19.003],[-4.548,3.081],[-5.333,2],[-0.928,-0.876]],"o":[[0,19.003],[-13.084,0],[0,-9.436],[2.418,-1.638],[3.67,-1.376],[6.926,6.538]],"v":[[-47.441,-39.476],[-71.131,-5.068],[-94.821,-39.476],[-87.971,-63.676],[-70.852,-68.595],[-60.258,-70.053]],"c":true},"ix":2},"nm":"Path 1","mn":"ADBE Vector Shape - Group","hd":false},{"ty":"st","c":{"a":0,"k":[0.176470592618,0.152941182256,0.341176480055,1],"ix":3},"o":{"a":0,"k":100,"ix":4},"w":{"a":0,"k":8,"ix":5},"lc":2,"lj":2,"bm":0,"nm":"Stroke 1","mn":"ADBE Vector Graphic - Stroke","hd":false},{"ty":"fl","c":{"a":0,"k":[1,1,1,1],"ix":4},"o":{"a":0,"k":100,"ix":5},"r":1,"bm":0,"nm":"Fill 1","mn":"ADBE Vector Graphic - Fill","hd":false},{"ty":"tr","p":{"a":0,"k":[0,0],"ix":2},"a":{"a":0,"k":[0,0],"ix":1},"s":{"a":0,"k":[100,100],"ix":3},"r":{"a":0,"k":0,"ix":6},"o":{"a":0,"k":100,"ix":7},"sk":{"a":0,"k":0,"ix":4},"sa":{"a":0,"k":0,"ix":5},"nm":"Transform"}],"nm":"Group 5","np":3,"cix":2,"bm":0,"ix":5,"mn":"ADBE Vector Group","hd":false},{"ty":"tr","p":{"a":0,"k":[0,0],"ix":2},"a":{"a":0,"k":[0,0],"ix":1},"s":{"a":0,"k":[100,100],"ix":3},"r":{"a":0,"k":0,"ix":6},"o":{"a":0,"k":100,"ix":7},"sk":{"a":0,"k":0,"ix":4},"sa":{"a":0,"k":0,"ix":5},"nm":"Transform"}],"nm":"Group 2","np":5,"cix":2,"bm":0,"ix":2,"mn":"ADBE Vector Group","hd":false}],"ip":0,"op":8,"st":0,"bm":0},{"ddd":0,"ind":14,"ty":4,"nm":"body","sr":1,"ks":{"o":{"a":0,"k":100,"ix":11},"r":{"a":0,"k":0,"ix":10},"p":{"a":0,"k":[319.463,294.34,0],"ix":2},"a":{"a":0,"k":[10.463,-14.66,0],"ix":1},"s":{"a":0,"k":[100,100,100],"ix":6}},"ao":0,"shapes":[{"ty":"gr","it":[{"ind":0,"ty":"sh","ix":1,"ks":{"a":1,"k":[{"i":{"x":0.833,"y":0.833},"o":{"x":0.167,"y":0.167},"n":"0p833_0p833_0p167_0p167","t":0,"s":[{"i":[[0,-120.616],[34.267,-13.153],[64.55,3.964],[19.655,38],[-0.316,74.708],[-64.239,5.236]],"o":[[0,57.631],[-38.038,14.6],[-51.433,-3.158],[-26.577,-51.383],[0.447,-105.5],[184.04,-15]],"v":[[203.218,5.985],[144.382,149.137],[-60.781,164.985],[-159.948,107.485],[-181.837,-39.015],[-39.787,-194.015]],"c":true}],"e":[{"i":[[0,-120.616],[34.267,-13.153],[64.55,3.964],[19.655,38],[-0.316,74.708],[-64.239,5.236]],"o":[[0,57.631],[-38.038,14.6],[-51.433,-3.158],[-26.577,-51.383],[0.447,-105.5],[184.04,-15]],"v":[[203.218,5.985],[147.882,148.137],[-51.781,165.985],[-161.448,107.485],[-181.837,-39.015],[-39.787,-200.015]],"c":true}]},{"i":{"x":0.833,"y":0.833},"o":{"x":0.167,"y":0.167},"n":"0p833_0p833_0p167_0p167","t":2,"s":[{"i":[[0,-120.616],[34.267,-13.153],[64.55,3.964],[19.655,38],[-0.316,74.708],[-64.239,5.236]],"o":[[0,57.631],[-38.038,14.6],[-51.433,-3.158],[-26.577,-51.383],[0.447,-105.5],[184.04,-15]],"v":[[203.218,5.985],[147.882,148.137],[-51.781,165.985],[-161.448,107.485],[-181.837,-39.015],[-39.787,-200.015]],"c":true}],"e":[{"i":[[0,-120.616],[34.267,-13.153],[64.55,3.964],[19.655,38],[-0.316,74.708],[-64.239,5.236]],"o":[[0,57.631],[-38.038,14.6],[-51.433,-3.158],[-26.577,-51.383],[0.447,-105.5],[184.04,-15]],"v":[[203.218,5.985],[144.382,149.137],[-60.781,164.985],[-159.948,107.485],[-181.837,-39.015],[-39.787,-194.015]],"c":true}]},{"i":{"x":0.833,"y":0.833},"o":{"x":0.167,"y":0.167},"n":"0p833_0p833_0p167_0p167","t":4,"s":[{"i":[[0,-120.616],[34.267,-13.153],[64.55,3.964],[19.655,38],[-0.316,74.708],[-64.239,5.236]],"o":[[0,57.631],[-38.038,14.6],[-51.433,-3.158],[-26.577,-51.383],[0.447,-105.5],[184.04,-15]],"v":[[203.218,5.985],[144.382,149.137],[-60.781,164.985],[-159.948,107.485],[-181.837,-39.015],[-39.787,-194.015]],"c":true}],"e":[{"i":[[0,-120.616],[34.267,-13.153],[64.55,3.964],[19.655,38],[-0.316,74.708],[-64.239,5.236]],"o":[[0,57.631],[-38.038,14.6],[-51.433,-3.158],[-26.577,-51.383],[0.447,-105.5],[184.04,-15]],"v":[[203.218,5.985],[147.882,148.137],[-51.781,165.985],[-161.448,107.485],[-181.837,-39.015],[-39.787,-200.015]],"c":true}]},{"i":{"x":0.833,"y":0.833},"o":{"x":0.167,"y":0.167},"n":"0p833_0p833_0p167_0p167","t":6,"s":[{"i":[[0,-120.616],[34.267,-13.153],[64.55,3.964],[19.655,38],[-0.316,74.708],[-64.239,5.236]],"o":[[0,57.631],[-38.038,14.6],[-51.433,-3.158],[-26.577,-51.383],[0.447,-105.5],[184.04,-15]],"v":[[203.218,5.985],[147.882,148.137],[-51.781,165.985],[-161.448,107.485],[-181.837,-39.015],[-39.787,-200.015]],"c":true}],"e":[{"i":[[0,-120.616],[34.267,-13.153],[64.55,3.964],[19.655,38],[-0.316,74.708],[-64.239,5.236]],"o":[[0,57.631],[-38.038,14.6],[-51.433,-3.158],[-26.577,-51.383],[0.447,-105.5],[184.04,-15]],"v":[[203.218,5.985],[144.382,149.137],[-60.781,164.985],[-159.948,107.485],[-181.837,-39.015],[-39.787,-194.015]],"c":true}]},{"t":8}],"ix":2},"nm":"Path 1","mn":"ADBE Vector Shape - Group","hd":false},{"ty":"st","c":{"a":0,"k":[0.176470592618,0.152941182256,0.341176480055,1],"ix":3},"o":{"a":0,"k":100,"ix":4},"w":{"a":0,"k":10,"ix":5},"lc":2,"lj":2,"bm":0,"nm":"Stroke 1","mn":"ADBE Vector Graphic - Stroke","hd":false},{"ty":"fl","c":{"a":0,"k":[1,0.850980392157,0.227450980392,1],"ix":4},"o":{"a":0,"k":100,"ix":5},"r":1,"bm":0,"nm":"Fill 1","mn":"ADBE Vector Graphic - Fill","hd":false},{"ty":"tr","p":{"a":0,"k":[0,0],"ix":2},"a":{"a":0,"k":[0,0],"ix":1},"s":{"a":0,"k":[100,100],"ix":3},"r":{"a":0,"k":0,"ix":6},"o":{"a":0,"k":100,"ix":7},"sk":{"a":0,"k":0,"ix":4},"sa":{"a":0,"k":0,"ix":5},"nm":"Transform"}],"nm":"Group 1","np":3,"cix":2,"bm":0,"ix":1,"mn":"ADBE Vector Group","hd":false}],"ip":0,"op":8,"st":0,"bm":0},{"ddd":0,"ind":15,"ty":4,"nm":"arm L","sr":1,"ks":{"o":{"a":0,"k":100,"ix":11},"r":{"a":0,"k":0,"ix":10},"p":{"a":0,"k":[162.454,435.204,0],"ix":2},"a":{"a":0,"k":[-146.546,126.204,0],"ix":1},"s":{"a":0,"k":[100,100,100],"ix":6}},"ao":0,"shapes":[{"ty":"gr","it":[{"ind":0,"ty":"sh","ix":1,"ks":{"a":1,"k":[{"i":{"x":0.833,"y":0.833},"o":{"x":0.167,"y":0.167},"n":"0p833_0p833_0p167_0p167","t":0,"s":[{"i":[[0,0],[1.085,-11.842],[-10.162,-6.177],[-9.47,0.445],[-3.338,1.326],[-0.711,3.521]],"o":[[-5.315,10.638],[-1.085,11.842],[8.102,4.925],[3.588,-0.169],[3.338,-1.326],[0,0]],"v":[[-163.965,91.716],[-175.772,125.15],[-162.49,156.275],[-134.805,160.464],[-124.214,158.785],[-117.153,151.239]],"c":false}],"e":[{"i":[[0,0],[1.085,-11.842],[-10.162,-6.177],[-9.47,0.445],[-3.338,1.326],[-0.711,3.521]],"o":[[-5.315,10.638],[-1.085,11.842],[8.102,4.925],[3.588,-0.169],[3.338,-1.326],[0,0]],"v":[[-164.465,85.716],[-175.772,125.15],[-162.99,156.275],[-137.305,161.464],[-124.214,158.785],[-116.153,146.739]],"c":false}]},{"i":{"x":0.833,"y":0.833},"o":{"x":0.167,"y":0.167},"n":"0p833_0p833_0p167_0p167","t":2,"s":[{"i":[[0,0],[1.085,-11.842],[-10.162,-6.177],[-9.47,0.445],[-3.338,1.326],[-0.711,3.521]],"o":[[-5.315,10.638],[-1.085,11.842],[8.102,4.925],[3.588,-0.169],[3.338,-1.326],[0,0]],"v":[[-164.465,85.716],[-175.772,125.15],[-162.99,156.275],[-137.305,161.464],[-124.214,158.785],[-116.153,146.739]],"c":false}],"e":[{"i":[[0,0],[1.085,-11.842],[-10.162,-6.177],[-9.47,0.445],[-3.338,1.326],[-0.711,3.521]],"o":[[-5.315,10.638],[-1.085,11.842],[8.102,4.925],[3.588,-0.169],[3.338,-1.326],[0,0]],"v":[[-163.965,91.716],[-175.772,125.15],[-162.49,156.275],[-134.805,160.464],[-124.214,158.785],[-117.153,151.239]],"c":false}]},{"i":{"x":0.833,"y":0.833},"o":{"x":0.167,"y":0.167},"n":"0p833_0p833_0p167_0p167","t":4,"s":[{"i":[[0,0],[1.085,-11.842],[-10.162,-6.177],[-9.47,0.445],[-3.338,1.326],[-0.711,3.521]],"o":[[-5.315,10.638],[-1.085,11.842],[8.102,4.925],[3.588,-0.169],[3.338,-1.326],[0,0]],"v":[[-163.965,91.716],[-175.772,125.15],[-162.49,156.275],[-134.805,160.464],[-124.214,158.785],[-117.153,151.239]],"c":false}],"e":[{"i":[[0,0],[1.085,-11.842],[-10.162,-6.177],[-9.47,0.445],[-3.338,1.326],[-0.711,3.521]],"o":[[-5.315,10.638],[-1.085,11.842],[8.102,4.925],[3.588,-0.169],[3.338,-1.326],[0,0]],"v":[[-164.465,85.716],[-175.772,125.15],[-162.99,156.275],[-137.305,161.464],[-124.214,158.785],[-116.153,146.739]],"c":false}]},{"i":{"x":0.833,"y":0.833},"o":{"x":0.167,"y":0.167},"n":"0p833_0p833_0p167_0p167","t":6,"s":[{"i":[[0,0],[1.085,-11.842],[-10.162,-6.177],[-9.47,0.445],[-3.338,1.326],[-0.711,3.521]],"o":[[-5.315,10.638],[-1.085,11.842],[8.102,4.925],[3.588,-0.169],[3.338,-1.326],[0,0]],"v":[[-164.465,85.716],[-175.772,125.15],[-162.99,156.275],[-137.305,161.464],[-124.214,158.785],[-116.153,146.739]],"c":false}],"e":[{"i":[[0,0],[1.085,-11.842],[-10.162,-6.177],[-9.47,0.445],[-3.338,1.326],[-0.711,3.521]],"o":[[-5.315,10.638],[-1.085,11.842],[8.102,4.925],[3.588,-0.169],[3.338,-1.326],[0,0]],"v":[[-163.965,91.716],[-175.772,125.15],[-162.49,156.275],[-134.805,160.464],[-124.214,158.785],[-117.153,151.239]],"c":false}]},{"t":8}],"ix":2},"nm":"Path 1","mn":"ADBE Vector Shape - Group","hd":false},{"ty":"st","c":{"a":0,"k":[0.176470592618,0.152941182256,0.341176480055,1],"ix":3},"o":{"a":0,"k":100,"ix":4},"w":{"a":0,"k":9,"ix":5},"lc":2,"lj":2,"bm":0,"nm":"Stroke 1","mn":"ADBE Vector Graphic - Stroke","hd":false},{"ty":"fl","c":{"a":0,"k":[1,0.850980392157,0.227450980392,1],"ix":4},"o":{"a":0,"k":100,"ix":5},"r":1,"bm":0,"nm":"Fill 1","mn":"ADBE Vector Graphic - Fill","hd":false},{"ty":"tr","p":{"a":0,"k":[0,0],"ix":2},"a":{"a":0,"k":[0,0],"ix":1},"s":{"a":0,"k":[100,100],"ix":3},"r":{"a":0,"k":0,"ix":6},"o":{"a":0,"k":100,"ix":7},"sk":{"a":0,"k":0,"ix":4},"sa":{"a":0,"k":0,"ix":5},"nm":"Transform"}],"nm":"Group 1","np":3,"cix":2,"bm":0,"ix":1,"mn":"ADBE Vector Group","hd":false}],"ip":0,"op":8,"st":0,"bm":0},{"ddd":0,"ind":16,"ty":4,"nm":"water blue","sr":1,"ks":{"o":{"a":0,"k":100,"ix":11},"r":{"a":0,"k":0,"ix":10},"p":{"a":0,"k":[311.188,448.52,0],"ix":2},"a":{"a":0,"k":[2.188,139.52,0],"ix":1},"s":{"a":0,"k":[100,100,100],"ix":6}},"ao":0,"shapes":[{"ty":"gr","it":[{"ind":0,"ty":"sh","ix":1,"ks":{"a":1,"k":[{"i":{"x":0.833,"y":0.833},"o":{"x":0.167,"y":0.167},"n":"0p833_0p833_0p167_0p167","t":0,"s":[{"i":[[-3.333,-16],[55.662,-19.865],[56,6.667],[26.775,1.604],[25.223,3.406],[33.625,15.663],[-1.333,29.333],[-20.875,13.121],[-93.833,0],[-37.094,-21.865]],"o":[[5.564,26.706],[-39.409,14.064],[-18.968,-2.258],[-24.273,-1.454],[-33.698,-4.551],[-22.323,-10.398],[1.01,-22.228],[39.508,-24.833],[89.631,0],[22.256,13.119]],"v":[[239.551,127.151],[179.551,201.151],[35.551,222.485],[-35.116,231.818],[-108.449,214.485],[-201.116,193.818],[-236.449,133.151],[-197.984,81.96],[11.218,47.086],[204.206,82.937]],"c":true}],"e":[{"i":[[-7.246,-29.239],[56.199,-15.526],[68.824,2.515],[26.775,1.604],[25.223,3.406],[33.625,15.663],[-1.333,29.333],[-20.875,13.121],[-93.833,0],[-33.282,-18.699]],"o":[[3.324,35.849],[-40.971,7.578],[-19.089,-0.698],[-24.273,-1.454],[-33.698,-4.551],[-22.323,-10.398],[1.01,-22.228],[39.508,-24.833],[89.631,0],[22.659,12.702]],"v":[[242.176,124.151],[178.801,203.026],[36.676,228.485],[-36.991,224.318],[-116.324,220.86],[-198.491,186.318],[-227.449,135.401],[-196.859,83.085],[13.093,38.836],[198.581,76.187]],"c":true}]},{"i":{"x":0.833,"y":0.833},"o":{"x":0.167,"y":0.167},"n":"0p833_0p833_0p167_0p167","t":4,"s":[{"i":[[-7.246,-29.239],[56.199,-15.526],[68.824,2.515],[26.775,1.604],[25.223,3.406],[33.625,15.663],[-1.333,29.333],[-20.875,13.121],[-93.833,0],[-33.282,-18.699]],"o":[[3.324,35.849],[-40.971,7.578],[-19.089,-0.698],[-24.273,-1.454],[-33.698,-4.551],[-22.323,-10.398],[1.01,-22.228],[39.508,-24.833],[89.631,0],[22.659,12.702]],"v":[[242.176,124.151],[178.801,203.026],[36.676,228.485],[-36.991,224.318],[-116.324,220.86],[-198.491,186.318],[-227.449,135.401],[-196.859,83.085],[13.093,38.836],[198.581,76.187]],"c":true}],"e":[{"i":[[-3.333,-16],[55.662,-19.865],[56,6.667],[26.775,1.604],[25.223,3.406],[33.625,15.663],[-1.333,29.333],[-20.875,13.121],[-93.833,0],[-37.094,-21.865]],"o":[[5.564,26.706],[-39.409,14.064],[-18.968,-2.258],[-24.273,-1.454],[-33.698,-4.551],[-22.323,-10.398],[1.01,-22.228],[39.508,-24.833],[89.631,0],[22.256,13.119]],"v":[[239.551,127.151],[179.551,201.151],[35.551,222.485],[-35.116,231.818],[-108.449,214.485],[-201.116,193.818],[-236.449,133.151],[-197.984,81.96],[11.218,47.086],[204.206,82.937]],"c":true}]},{"i":{"x":0.833,"y":0.833},"o":{"x":0.167,"y":0.167},"n":"0p833_0p833_0p167_0p167","t":8,"s":[{"i":[[-3.333,-16],[55.662,-19.865],[56,6.667],[26.775,1.604],[25.223,3.406],[33.625,15.663],[-1.333,29.333],[-20.875,13.121],[-93.833,0],[-37.094,-21.865]],"o":[[5.564,26.706],[-39.409,14.064],[-18.968,-2.258],[-24.273,-1.454],[-33.698,-4.551],[-22.323,-10.398],[1.01,-22.228],[39.508,-24.833],[89.631,0],[22.256,13.119]],"v":[[239.551,127.151],[179.551,201.151],[35.551,222.485],[-35.116,231.818],[-108.449,214.485],[-201.116,193.818],[-236.449,133.151],[-197.984,81.96],[11.218,47.086],[204.206,82.937]],"c":true}],"e":[{"i":[[-8.551,-33.651],[58.449,0.349],[70.449,8.515],[26.775,1.604],[25.223,3.406],[33.625,15.663],[-1.333,29.333],[-20.875,13.121],[-93.833,0],[-24.706,-26.937]],"o":[[9.728,38.283],[-41.843,-0.25],[-18.964,-2.292],[-24.273,-1.454],[-33.698,-4.551],[-22.323,-10.398],[1.01,-22.228],[39.508,-24.833],[89.631,0],[17.463,19.04]],"v":[[250.051,122.151],[178.551,199.651],[37.051,230.485],[-37.616,221.818],[-118.949,222.985],[-197.616,183.818],[-224.449,136.151],[-196.484,83.46],[13.718,36.086],[204.706,73.937]],"c":true}]},{"i":{"x":0.833,"y":0.833},"o":{"x":0.167,"y":0.167},"n":"0p833_0p833_0p167_0p167","t":12,"s":[{"i":[[-8.551,-33.651],[58.449,0.349],[70.449,8.515],[26.775,1.604],[25.223,3.406],[33.625,15.663],[-1.333,29.333],[-20.875,13.121],[-93.833,0],[-24.706,-26.937]],"o":[[9.728,38.283],[-41.843,-0.25],[-18.964,-2.292],[-24.273,-1.454],[-33.698,-4.551],[-22.323,-10.398],[1.01,-22.228],[39.508,-24.833],[89.631,0],[17.463,19.04]],"v":[[250.051,122.151],[178.551,199.651],[37.051,230.485],[-37.616,221.818],[-118.949,222.985],[-197.616,183.818],[-224.449,136.151],[-196.484,83.46],[13.718,36.086],[204.706,73.937]],"c":true}],"e":[{"i":[[-3.333,-16],[55.662,-19.865],[56,6.667],[26.775,1.604],[25.223,3.406],[33.625,15.663],[-1.333,29.333],[-20.875,13.121],[-93.833,0],[-37.094,-21.865]],"o":[[5.564,26.706],[-39.409,14.064],[-18.968,-2.258],[-24.273,-1.454],[-33.698,-4.551],[-22.323,-10.398],[1.01,-22.228],[39.508,-24.833],[89.631,0],[22.256,13.119]],"v":[[239.551,127.151],[179.551,201.151],[35.551,222.485],[-35.116,231.818],[-108.449,214.485],[-201.116,193.818],[-236.449,133.151],[-197.984,81.96],[11.218,47.086],[204.206,82.937]],"c":true}]},{"t":16}],"ix":2},"nm":"Path 1","mn":"ADBE Vector Shape - Group","hd":false},{"ty":"fl","c":{"a":0,"k":[0.423529416323,0.658823549747,1,1],"ix":4},"o":{"a":0,"k":100,"ix":5},"r":1,"bm":0,"nm":"Fill 1","mn":"ADBE Vector Graphic - Fill","hd":false},{"ty":"tr","p":{"a":0,"k":[0,0],"ix":2},"a":{"a":0,"k":[0,0],"ix":1},"s":{"a":0,"k":[100,100],"ix":3},"r":{"a":0,"k":0,"ix":6},"o":{"a":0,"k":100,"ix":7},"sk":{"a":0,"k":0,"ix":4},"sa":{"a":0,"k":0,"ix":5},"nm":"Transform"}],"nm":"Group 1","np":2,"cix":2,"bm":0,"ix":1,"mn":"ADBE Vector Group","hd":false}],"ip":0,"op":8,"st":0,"bm":0}]}],"layers":[{"ddd":0,"ind":1,"ty":0,"nm":"org24_sad","refId":"comp_0","sr":1,"ks":{"o":{"a":0,"k":100,"ix":11},"r":{"a":0,"k":0,"ix":10},"p":{"a":0,"k":[370,316,0],"ix":2},"a":{"a":0,"k":[309,309,0],"ix":1},"s":{"a":0,"k":[112.136,112.136,100],"ix":6}},"ao":0,"w":618,"h":618,"ip":0,"op":16,"st":0,"bm":0}],"markers":[]}